Name,Ascendant
Heath Ledger,Aries
Sofia Boutella,Aries
Bryce Dallas Howard,Aries
Brie Larson,Aries
Natalie Martinez,Aries
Aisha Tyler,Aries
Melissa McBride,Aries
Vida Guerra,Aries
Megan Mullally,Aries
Kendall Jenner,Aries
Barbra Streisand,Aries
Justin Chambers,Aries
Susan Saint James,Aries
Bo Derek,Aries
Joan Rivers,Aries
Olivia Hussey,Aries
Michael Vartan,Aries
Joan Collins,Aries
Bobcat Goldthwait,Aries
Joseph Gordon-Levitt,Aries
Lucy Lawless,Aries
Amber Tamblyn,Aries
Taylor Schilling,Aries
Jeremy Renner,Aries
Rihanna,Aries
Ron Howard,Aries
Luciana Gimenez,Aries
Dick Gregory,Aries
Gloria Henry,Aries
Robert Herbin,Aries
Andrew Jackson,Aries
Robert Klein,Aries
Markus Lanz,Aries
Bernard Laporte,Aries
Nigel Lawson,Aries
Brenda Lee,Aries
Jon Voight,Aries
Donnie Wahlberg,Aries
Oliver Hudson,Aries
Chris Rock,Aries
David Spade,Aries
James Dean,Aries
Heather Locklear,Aries
Bette Midler,Aries
John Lennon,Aries
Stevie Nicks,Aries
John Entwistle,Aries
Fabio Fognini,Aries
Walt Whitman,Aries
Xavier Niel,Aries
Dennis Kucinich,Aries
Barry Bostwick,Aries
Rob Brydon,Aries
Sue Grafton,Aries
Marcel Proust,Aries
Chet Atkins,Aries
Shaquille O'Neal,Aries
Candace Parker,Aries
Denis Diderot,Aries
Marilou Berry,Aries
Basil Rathbone,Aries
Farley Granger,Aries
Gaspard Ulliel,Aries
Geraldine Chaplin,Aries
Giulietta Masina,Aries
Penélope Cruz,Aries
Sally Kirkland,Aries
Valerie Perrine,Aries
Bruce Boxleitner,Aries
Daniela Bianchi,Aries
Noah Hathaway,Aries
Sandra Dee,Aries
Errol Flynn,Aries
Lynn Redgrave,Aries
Louis Armstrong,Aries
Theodore Bikel,Aries
Margaux Hemingway,Aries
Pete Rose,Aries
Barbara Hershey,Aries
Joan Baez,Aries
Bonnie Raitt,Aries
Shakira,Aries
Lena Horne,Aries
Nico,Aries
Helen Reddy,Aries
Marianne Faithfull,Aries
Julie London,Aries
Joe Cocker,Aries
Tom Petty,Aries
David Crosby,Aries
Samuel R. Delany,Aries
Ruth Rendell,Aries
Robert Frost,Aries
Louise Bogan,Aries
Eva Perón,Aries
George Lopez,Aries
Suzy Bogguss,Aries
Corbin Bernsen,Aries
Wendell Berry,Aries
Martina Navratilova,Aries
Craig Newmark,Aries
Judd Hirsch,Aries
Alec Guinness,Aries
Janeane Garofalo,Aries
Cloris Leachman,Aries
Darren Aronofsky,Aries
Rabindranath Tagore,Aries
Barbara Cartland,Aries
Hunter S. Thompson,Aries
Mo Rocca,Aries
Marco Simone,Aries
Alice Taglioni,Aries
Amber Rose,Aries
Ezer Weizman,Aries
Roger Whittaker,Aries
Barton Zwiebach,Aries
Umberto Agnelli,Aries
Roberto Alagna,Aries
Maurizio Arena,Aries
Raymond Barre,Aries
Russell Banks,Aries
Willam Belli,Aries
Georges Bereta,Aries
Enrico Berlinguer,Aries
Jejomar Binay,Aries
Joan Blondell,Aries
Peter Bogdanovich,Aries
Jack Brabham,Aries
Arturo Brachetti,Aries
Lloyd Bridges,Aries
Dee Dee Bridgewater,Aries
Colette Brosset,Aries
Gordon Brown,Aries
Francesco Camusso,Aries
Judith Butler,Aries
Rachel Carson,Aries
Andrea Checchi,Aries
Arlette Chabot,Aries
Dale Chihuly,Aries
David Mazouz,Aries
Tim Kaine,Aries
Elaine Hendrix,Aries
Lin-Manuel Miranda,Aries
Benjamin Franklin,Aries
Megan Nicole,Aries
Isabelle Adjani,Aries
Karen Fukuhara,Aries
Michael Curtiz,Aries
France Nuyen,Aries
Lea Salonga,Aries
Theda Bara,Aries
Deanna Durbin,Aries
Samantha Fox,Aries
Niykee Heaton,Aries
Francisco Rabal,Aries
Meredith Monk,Aries
Dina Merrill,Aries
Judith Durham,Aries
Lea Massari,Aries
Willeke Alberti,Aries
Dionne Quintuplets,Aries
Gianna Jessen,Aries
Clara Barton,Aries
Franz Grillparzer,Aries
Amy Fisher,Aries
Angie Dickinson,Aries
Rudolf Kempe,Aries
Philip K. Dick,Aries
Smita Patil,Aries
Mario Lanza,Aries
Willie Garson,Aries
Harry Nilsson,Aries
Philip José Farmer,Aries
Ezra Pound,Aries
Eavan Boland,Aries
Robert Benton,Aries
Alejandra Pizarnik,Aries
Mika Waltari,Aries
Adoniran Barbosa,Aries
Neil Bogart,Aries
Scott Eastwood,Taurus
Mackenzie Foy,Taurus
Jared Leto,Taurus
Josh Hutcherson,Taurus
Emily Osment,Taurus
Denise Richards,Taurus
Ashley Tisdale,Taurus
Danny Trejo,Taurus
Ali Larter,Taurus
Austin Butler,Taurus
Ezra Miller,Taurus
Andie MacDowell,Taurus
Peter O'Toole,Taurus
Matt Lanter,Taurus
Kate Mulgrew,Taurus
Megan Gale,Taurus
Jerry Seinfeld,Taurus
David Letterman,Taurus
Ali MacGraw,Taurus
Liza Minnelli,Taurus
Tracee Ellis Ross,Taurus
Linda Blair,Taurus
Cate Blanchett,Taurus
Robert Pattinson,Taurus
Amanda Bynes,Taurus
Eliza Dushku,Taurus
Miley Cyrus,Taurus
Josh Brolin,Taurus
Halle Berry,Taurus
Sigourney Weaver,Taurus
Jonathan Tucker,Taurus
Brendan Fraser,Taurus
Melanie Griffith,Taurus
Daryl Hannah,Taurus
Suzanne Somers,Taurus
George Lucas,Taurus
David Ginola,Taurus
Crispin Glover,Taurus
Robert Helpmann,Taurus
John Hensley,Taurus
Celeste Holm,Taurus
Betsey Johnson,Taurus
Paul Lambert,Taurus
Duncan Lamont,Taurus
Philipp Lahm,Taurus
Ella Lemhagen,Taurus
Billy Crystal,Taurus
Ann Miller,Taurus
Mia Farrow,Taurus
Nick Nolte,Taurus
Queen Latifah,Taurus
Peter Jackson,Taurus
Vivien Leigh,Taurus
Ann-Margret,Taurus
Gene Wilder,Taurus
Joris Mathijsen,Taurus
Eva Mattes,Taurus
Mike Rutherford,Taurus
Carlos Santana,Taurus
Brian Wilson,Taurus
Dave Gahan,Taurus
Toni Kroos,Taurus
David Goffin,Taurus
Rick Perry,Taurus
Toni Morrison,Taurus
Robert F. Kennedy,Taurus
Ulysses S. Grant,Taurus
Rick Warren,Taurus
Salman Rushdie,Taurus
George R. R. Martin,Taurus
Pep Guardiola,Taurus
Julian Lennon,Taurus
Michael Schumacher,Taurus
Zinedine Zidane,Taurus
Serena Williams,Taurus
David Beckham,Taurus
Radamel Falcao,Taurus
Mae West,Taurus
Gary Cooper,Taurus
Pearl Bailey,Taurus
Peter Lorre,Taurus
Satyajit Ray,Taurus
Max Carver,Taurus
Roddy McDowall,Taurus
William Katt,Taurus
Sasha Spielberg,Taurus
Bobby Darin,Taurus
Elle Macpherson,Taurus
Wayne Newton,Taurus
Joan Sutherland,Taurus
Steve Forbes,Taurus
Miles Davis,Taurus
Angela Davis,Taurus
William Henry Harrison,Taurus
Ana Beatriz Barros,Taurus
Phyllis Diller,Taurus
Eli Whitney,Taurus
Rachel Miner,Taurus
Sue Lyon,Taurus
Conor McGregor,Taurus
Guy Picciotto,Taurus
Dionne Warwick,Taurus
Cass Elliot,Taurus
Sheryl Crow,Taurus
Trisha Yearwood,Taurus
Kellie Pickler,Taurus
Giorgia (singer),Taurus
Steve Winwood,Taurus
Steve Marriott,Taurus
Elliott Smith,Taurus
John Howard,Taurus
Azealia Banks,Taurus
Dennis Lehane,Taurus
Elizabeth Bishop,Taurus
Dorothy Parker,Taurus
Danny Kaye,Taurus
Laura Bush,Taurus
Rita Hayworth,Taurus
Art Carney,Taurus
Thelma Todd,Taurus
Olly Murs,Taurus
Mick Fanning,Taurus
Christine Lagarde,Taurus
Tom Snyder,Taurus
Alastair Stewart,Taurus
Camila Cabello,Taurus
Gigi Hadid,Taurus
Gianna Nannini,Taurus
Taylor Lautner,Taurus
Tommy Lee Jones,Taurus
Henry Wadsworth Longfellow,Taurus
Herman Melville,Taurus
Amelia Earhart,Taurus
Neil Armstrong,Taurus
Gabriela Sabatini,Taurus
Fabrice Santoro,Taurus
Mercedes Sosa,Taurus
Pamela Tiffin,Taurus
Lee Trevino,Taurus
Donatella Versace,Taurus
Aaron Rodgers,Taurus
Jimmy Wales,Taurus
Samaki Walker,Taurus
Timothy West,Taurus
Stuart Whitman,Taurus
Luis Walter Alvarez,Taurus
Reubin Askew,Taurus
Christiaan Barnard,Taurus
Gary Barlow,Taurus
John Barbata,Taurus
James Baker,Taurus
Cecil Beaton,Taurus
Brendan Behan,Taurus
Hatem Ben Arfa,Taurus
Emmanuelle Bercot,Taurus
Maurice Biraud,Taurus
Rocky Bleier,Taurus
Julian Bond,Taurus
Alberto Bonucci,Taurus
Rachida Brakni,Taurus
Georges Brassens,Taurus
Joyce Brothers,Taurus
Bob Brown,Taurus
Ruth Brown,Taurus
Charlie Carver,Taurus
Renato Castellani,Taurus
Lionel Charbonnier,Taurus
Thierry Champion,Taurus
Wilt Chamberlain,Taurus
Felipe VI of Spain,Taurus
Billie Lourd,Taurus
Ruby Rose,Taurus
Elle McLemore,Taurus
Leigh-Allyn Baker,Taurus
George Washington,Taurus
Jagadish Chandra Bose,Taurus
Isaac Newton,Taurus
Nikola Tesla,Taurus
Ben Shapiro,Taurus
Mike Pompeo,Taurus
Jake Paul,Taurus
Alden Ehrenreich,Taurus
Shabazz Muhammad,Taurus
Darron Lee,Taurus
Phyllis Schlafly,Taurus
Prince Royce,Taurus
Álex Ubago,Taurus
Afrojack,Taurus
Jane Powell,Taurus
Bruce Dern,Taurus
William Shockley,Taurus
Fred Rogers,Taurus
Tony Todd,Taurus
Reno Wilson,Taurus
Tamzin Outhwaite,Taurus
Adrian Paul,Taurus
Rob Marshall,Taurus
Linda Cristal,Taurus
Patrick Duffy,Taurus
Maria Shriver,Taurus
Jeanne Moreau,Taurus
Randy Travis,Taurus
Charley Pride,Taurus
Mac Davis,Taurus
Steve Earle,Taurus
Fernando Rey,Taurus
Peter Criss,Taurus
Udo Lindenberg,Taurus
Margherita Buy,Taurus
Manuela Arcuri,Taurus
Aldo Fabrizi,Taurus
Michelle Hunziker,Taurus
Maximilian Mutzke,Taurus
Louane Emera,Taurus
Giusy Ferreri,Taurus
Francesco Renga,Taurus
Carl Sagan,Taurus
Antonello Venditti,Taurus
Gerald Ford,Taurus
Stuart Roosa,Taurus
Thomas Carlyle,Taurus
Lorna Luft,Taurus
Richard A. Clarke,Taurus
Judith Resnik,Taurus
Lisa Cimorelli,Taurus
Elsa Zylberstein,Taurus
Jean Jordan,Taurus
Anjanette Comer,Taurus
Dakota Fanning,Taurus
Gabriele D'Annunzio,Taurus
Jean Cocteau,Taurus
Ron Ziegler,Taurus
Charles Bukowski,Taurus
Milton Nascimento,Taurus
Edgar Rice Burroughs,Taurus
Juan Rulfo,Taurus
Jim Carroll,Taurus
Michael Cristofer,Taurus
Claudio Baglioni,Taurus
David Garrett,Taurus
Ronda Rousey,Gemini
Christina Hendricks,Gemini
Amy Adams,Gemini
Will Smith,Gemini
Alexander Ludwig,Gemini
Lindsay Lohan,Gemini
Bryan Cranston,Gemini
Minka Kelly,Gemini
Bill Irwin,Gemini
Armie Hammer,Gemini
Jussie Smollett,Gemini
Jennifer Jason Leigh,Gemini
Olivia Munn,Gemini
Darren Criss,Gemini
Lisa Rinna,Gemini
Bradley Whitford,Gemini
Paul Thomas Anderson,Gemini
Priyanka Chopra,Gemini
Ranbir Kapoor,Gemini
John Wayne,Gemini
Naya Rivera,Gemini
Virginia Madsen,Gemini
Anthony Geslin,Gemini
Kathryn Grayson,Gemini
Julie Newmar,Gemini
Jason Behr,Gemini
Keith Carradine,Gemini
Robert Sean Leonard,Gemini
Orson Welles,Gemini
Christina Milian,Gemini
Anthony Perkins,Gemini
Jean Dujardin,Gemini
Marissa Mayer,Gemini
America Olivo,Gemini
Kristen Stewart,Gemini
Matthew McConaughey,Gemini
Mandy Moore,Gemini
Juliette Lewis,Gemini
Sandra Bullock,Gemini
Julianne Moore,Gemini
Jackie Chan,Gemini
Ben Stiller,Gemini
Michelle Pfeiffer,Gemini
Helen Mirren,Gemini
Rose McGowan,Gemini
Drew Barrymore,Gemini
Gregory Peck,Gemini
Mickey Rourke,Gemini
John Krasinski,Gemini
Amy Winehouse,Gemini
Katey Sagal,Gemini
Michael Caine,Gemini
Mindy Kaling,Gemini
Tim Burton,Gemini
Charlie Sheen,Gemini
Judy Garland,Gemini
Diana Rigg,Gemini
Pamela Anderson,Gemini
Burt Reynolds,Gemini
Nancy Gates,Gemini
Phyllis George,Gemini
Vahina Giocante,Gemini
Tyree Glenn,Gemini
Peter Graves,Gemini
Julien Green,Gemini
Beppe Grillo,Gemini
Camilla Henemark,Gemini
Donald Holmquest,Gemini
David Hilbert,Gemini
Albert Hofmann,Gemini
Amy Johnson,Gemini
Rockwell Kent,Gemini
Johannes Kepler,Gemini
Anja Kling,Gemini
Eric Lange,Gemini
Bonnie Langford,Gemini
Ally Sheedy,Gemini
Misha Collins,Gemini
Richard Dreyfuss,Gemini
Peter Weller,Gemini
Freddy Maertens,Gemini
Rafe Mair,Gemini
Jean-Baptiste Maunier,Gemini
Joyce Maynard,Gemini
Paul Michiels,Gemini
Malcolm Young,Gemini
Mick Jagger,Gemini
Garth Brooks,Gemini
Bruce Springsteen,Gemini
Mike Love,Gemini
Colm Feore,Gemini
Ray Wise,Gemini
Hugo Lloris,Gemini
Julien Benneteau,Gemini
Jules Verne,Gemini
Orhan Pamuk,Gemini
Harry Belafonte,Gemini
Nick Cannon,Gemini
Louis Tomlinson,Gemini
Mitt Romney,Gemini
Virginia Woolf,Gemini
RuPaul,Gemini
Jessie J,Gemini
George Peppard,Gemini
Jack London,Gemini
Joseph Conrad,Gemini
Aldous Huxley,Gemini
Phil Spector,Gemini
Sam Cooke,Gemini
Cliff Richard,Gemini
Van Morrison,Gemini
Dr. Dre,Gemini
LeBron James,Gemini
Franz Beckenbauer,Gemini
Shammi Kapoor,Gemini
Akkineni Nagarjuna,Gemini
Alan Ladd,Gemini
Alida Valli,Gemini
Carole Lombard,Gemini
Dia Mirza,Gemini
Elio Germano,Gemini
Gene Tierney,Gemini
Geraldine Page,Gemini
Gina Lollobrigida,Gemini
Ginger Rogers,Gemini
Greta Garbo,Gemini
Lana Turner,Gemini
Lata Mangeshkar,Gemini
Louis Garrel,Gemini
Loretta Young,Gemini
Catherine Tate,Gemini
Kandyse McClure,Gemini
Peter Fonda,Gemini
Mélanie Thierry,Gemini
Billy Idol,Gemini
Naomi Grossman,Gemini
Kenny Loggins,Gemini
Fidel Castro,Gemini
Tom Wolfe,Gemini
Donovan,Gemini
Henry Kissinger,Gemini
Elliott Gould,Gemini
Theodore Roosevelt,Gemini
Willow Smith,Gemini
Lee Ranaldo,Gemini
Ravi Shastri,Gemini
Andy Hurley,Gemini
Susan Boyle,Gemini
Patsy Cline,Gemini
Diana Krall,Gemini
Ruth Pointer,Gemini
Natalie Maines,Gemini
Marie Fredriksson,Gemini
Vince Neil,Gemini
Gregg Allman,Gemini
Rufus Wainwright,Gemini
Margaret Atwood,Gemini
Ricky Martin,Gemini
Rosie O'Donnell,Gemini
Robert Penn Warren,Gemini
Nikki Giovanni,Gemini
Artie Lange,Gemini
Christina Grimmie,Gemini
Barbara Mandrell,Gemini
Emily Robison,Gemini
Maureen O'Hara,Gemini
François Hollande,Gemini
Gordon Ramsay,Gemini
Howard Stern,Gemini
Anthea Turner,Gemini
Chris Crocker,Gemini
Edward Snowden,Gemini
Jordan Maron,Gemini
Austin Mahone,Gemini
Ashton Irwin,Gemini
James Ingram,Gemini
Bobbi Kristina Brown,Gemini
Alexis Tsipras,Gemini
George Martin,Gemini
Maria de Medeiros,Gemini
Ashton Kutcher,Gemini
Christina Applegate,Gemini
Joan Allen,Gemini
Richard Dean Anderson,Gemini
Laraine Newman,Gemini
Neil Gaiman,Gemini
Didier Drogba,Gemini
Arthur Conan Doyle,Gemini
Queen Elizabeth The Queen Mother,Gemini
Alain Prost,Gemini
Yvonne Ryding,Gemini
Richard Tarnas,Gemini
Kelly Osbourne,Gemini
Luchino Visconti,Gemini
Kathie Lee Gifford,Gemini
Felix Wankel,Gemini
Marianne Williamson,Gemini
Colin Wilson,Gemini
Rose Mary Woods,Gemini
Ernesto Zedillo,Gemini
Ary Abittan,Gemini
Wendell Anderson,Gemini
Jean-Jacques Annaud,Gemini
Douglas Bader,Gemini
Alain Badiou,Gemini
Mike Barson,Gemini
John Bardeen,Gemini
Willie Banks,Gemini
George Balanchine,Gemini
Marion Bartoli,Gemini
Marco Bellocchio,Gemini
Jean-Paul Belmondo,Gemini
Tex Beneke,Gemini
Polly Bergen,Gemini
Michel Berger,Gemini
Senta Berger,Gemini
Ingmar Bergman,Gemini
Shelley Berman,Gemini
Pauline Betz,Gemini
Jane Birkin,Gemini
David Birney,Gemini
Tony Blair,Gemini
David Blunkett,Gemini
Larry Blyden,Gemini
Christian Bobin,Gemini
Jean-Marie Bockel,Gemini
Dirk Bogarde,Gemini
Basile Boli,Gemini
Danny Bonaduce,Gemini
Walter Bonatti,Gemini
Deborah Boone,Gemini
Jeannette Bougrab,Gemini
Lee Bowman,Gemini
Grant Brebner,Gemini
Richard Briers,Gemini
Herman Brood,Gemini
Kim Campbell,Gemini
Matt Cameron,Gemini
Elias Canetti,Gemini
Fabio Capello,Gemini
Rory Calhoun,Gemini
Fiorenzo Carpi,Gemini
Scott Carpenter,Gemini
Stefano Casiraghi,Gemini
Mark Chesnutt,Gemini
Field Cate,Gemini
Yvonne Choquet-Bruhat,Gemini
Julia Child,Gemini
Prince Joachim of Denmark,Gemini
LeToya Luckett,Gemini
Greta Scacchi,Gemini
Steffi Graf,Gemini
George Lazenby,Gemini
Claudia Gerini,Gemini
Alan Turing,Gemini
Jonathan Knight,Gemini
Dua Lipa,Gemini
Ella Bleu Travolta,Gemini
Machine Gun Kelly (rapper),Gemini
Teresa Giudice,Gemini
Juanpa Zurita,Gemini
Shelley Winters,Gemini
Lola Kirke,Gemini
Kris Humphries,Gemini
Dimitri Payet,Gemini
Wisin,Gemini
Alejandro Sanz,Gemini
Dia Frampton,Gemini
Martin Solveig,Gemini
Luke Roberts,Gemini
Inger Stevens,Gemini
Rob Cohen,Gemini
Edward Albert,Gemini
Richard Boone,Gemini
Betsy Palmer,Gemini
Dorothy Malone,Gemini
Robert Culp,Gemini
Richard Crenna,Gemini
Bob Crane,Gemini
Noel Clarke,Gemini
Donna Reed,Gemini
Jesse James,Gemini
Andrea Sawatzki,Gemini
Bart Starr,Gemini
Jack Kemp,Gemini
Keith Whitley,Gemini
John Denver,Gemini
Dinah Shore,Gemini
Regina Spektor,Gemini
Richard Rodgers,Gemini
Anne Jeffreys,Gemini
Sadhana Sargam,Gemini
Caron Wheeler,Gemini
Fritz Lang,Gemini
Ugo Tognazzi,Gemini
Michele Placido,Gemini
Philippe Noiret,Gemini
Sakis Rouvas,Gemini
Werner Heisenberg,Gemini
Kevin Mitnick,Gemini
Max Pezzali,Gemini
Christina Stürmer,Gemini
Conchita Wurst,Gemini
Carl Switzer,Gemini
Coco Austin,Gemini
Ivor Novello,Gemini
Ronald Isley,Gemini
Rutherford B. Hayes,Gemini
James Francis,Gemini
Jimmy Uso,Gemini
Timothy Busfield,Gemini
Rémy Riou,Gemini
Alfred Worden,Gemini
Christopher Wren,Gemini
Jermaine Dupri,Gemini
Pierre Mauroy,Gemini
Elizabeth Dole,Gemini
David Janssen,Gemini
Mari Hulman George,Gemini
Ishita Panchal,Gemini
Doug Pederson,Gemini
Kamala Harris,Gemini
José Paulo Lanyi,Gemini
Laurence Olivier,Gemini
Tony Scott,Gemini
Mikhail Glinka,Gemini
Andrew Greeley,Gemini
Xaviera Hollander,Gemini
Erica Jong,Gemini
Tim Rice,Gemini
Shailene Woodley,Cancer
Margot Robbie,Cancer
Lynn Collins,Cancer
Elisabeth Moss,Cancer
Paul Rudd,Cancer
Rory McCann,Cancer
Robert De Niro,Cancer
Rami Malek,Cancer
Paula Patton,Cancer
Billie Piper,Cancer
Meghan Markle,Cancer
Matt LeBlanc,Cancer
Zach Braff,Cancer
Tiffani Thiessen,Cancer
Jennifer Tilly,Cancer
Jeff Goldblum,Cancer
Jack Black,Cancer
Emile Hirsch,Cancer
Miranda Kerr,Cancer
Hailee Steinfeld,Cancer
Jenny Slate,Cancer
Keke Palmer,Cancer
Jayne Mansfield,Cancer
John Cena,Cancer
Anthony Quinn,Cancer
Hema Malini,Cancer
Christopher Lambert,Cancer
James Stewart,Cancer
Dominic Monaghan,Cancer
Bill Burr,Cancer
Jonathan Winters,Cancer
Mike Birbiglia,Cancer
Lily Tomlin,Cancer
John Ratzenberger,Cancer
Jack Lemmon,Cancer
Victoria Beckham,Cancer
Noah Wyle,Cancer
Lorenzo Lamas,Cancer
Albert Brooks,Cancer
Adrian Pasdar,Cancer
Elon Musk,Cancer
Angelina Jolie,Cancer
Kurt Russell,Cancer
Milla Jovovich,Cancer
Mark Wahlberg,Cancer
Arnold Schwarzenegger,Cancer
Ben Affleck,Cancer
Mel Gibson,Cancer
John Travolta,Cancer
Lizzy Caplan,Cancer
Steven Spielberg,Cancer
Molly Ringwald,Cancer
Kenneth Branagh,Cancer
Kate Hudson,Cancer
Liv Tyler,Cancer
Ben Foster,Cancer
Paget Brewster,Cancer
Kate Bosworth,Cancer
Lisa Kudrow,Cancer
Rob Zombie,Cancer
Juliette Binoche,Cancer
Emily Deschanel,Cancer
Frankie Valli,Cancer
Bill Gates,Cancer
Sara Gilbert,Cancer
Joel Grey,Cancer
Merv Griffin,Cancer
Erin Gray,Cancer
August Horch,Cancer
Peter Horton,Cancer
Deborah Houlding,Cancer
Dieter Hildebrandt,Cancer
Albert Jacquard,Cancer
Jan Janssen,Cancer
Bernadette Lafont,Cancer
Daniel Logan,Cancer
David Cassidy,Cancer
Cameron Diaz,Cancer
Julia Roberts,Cancer
Cher,Cancer
Lauren Bacall,Cancer
Steve McQueen,Cancer
Stephen King,Cancer
Kate Capshaw,Cancer
Ryan O'Neal,Cancer
Farrah Fawcett,Cancer
Jason Schwartzman,Cancer
Marsha Mason,Cancer
Marcel Masse,Cancer
Mimie Mathy,Cancer
Kyle Maynard,Cancer
Sunnyi Melles,Cancer
Bernard Mendy,Cancer
Axel Milberg,Cancer
Reinhold Messner,Cancer
Billy Joel,Cancer
George Michael,Cancer
Yohan Cabaye,Cancer
Moussa Sissoko,Cancer
William Blake,Cancer
William Faulkner,Cancer
Moses Gunn,Cancer
Isaac Hayes,Cancer
Vanessa L. Williams,Cancer
Jonah Lomu,Cancer
Ernesto Bertarelli,Cancer
Tyra Banks,Cancer
Anthony Edwards,Cancer
Kylie Minogue,Cancer
Cindy Crawford,Cancer
Mahendra Singh Dhoni,Cancer
Marcia Cross,Cancer
Kurtwood Smith,Cancer
Nikolai Gogol,Cancer
Lord Byron,Cancer
Leo Tolstoy,Cancer
Michel Houellebecq,Cancer
Jeffrey Archer,Cancer
Johnny Lewis,Cancer
Randy Newman,Cancer
Michael Phelps,Cancer
Fernando Torres,Cancer
Douglas Adams,Cancer
Elbert Hubbard,Cancer
Chord Overstreet,Cancer
David Niven,Cancer
Eleanor Parker,Cancer
George C. Scott,Cancer
Glenda Jackson,Cancer
Hedy Lamarr,Cancer
Jane Russell,Cancer
Nathalie Baye,Cancer
Peter Ustinov,Cancer
Tony Curtis,Cancer
Tuesday Weld,Cancer
Michael Richards,Cancer
Justin Kirk,Cancer
Jamie Luner,Cancer
Eva Gabor,Cancer
Michel Gondry,Cancer
Mikael Persbrandt,Cancer
Akira Kurosawa,Cancer
Karen Black,Cancer
Carmen Carrera,Cancer
Jason Mantzoukas,Cancer
Amy Irving,Cancer
Mélanie Laurent,Cancer
Rod McKuen,Cancer
Joni Mitchell,Cancer
George Wallace,Cancer
Mort Sahl,Cancer
Desi Arnaz,Cancer
Jayne Meadows,Cancer
Sharon Tate,Cancer
Arlene Dahl,Cancer
Dave Brubeck,Cancer
Zach Roerig,Cancer
Oliver North,Cancer
Nina Foch,Cancer
Henry Mancini,Cancer
Barbara Bach,Cancer
Babe Ruth,Cancer
Martine McCutcheon,Cancer
Bryan Brown,Cancer
Mike Heron,Cancer
Karen Carpenter,Cancer
Debbie Gibson,Cancer
Jill Scott,Cancer
Wynonna Judd,Cancer
Delta Goodrem,Cancer
Keyshia Cole,Cancer
Bob Seger,Cancer
Hank Williams,Cancer
Brad Delp,Cancer
Burton Cummings,Cancer
Dan Fogelberg,Cancer
Nick Drake,Cancer
Florence Ballard,Cancer
Anthony Burgess,Cancer
Octavia E. Butler,Cancer
Christopher Isherwood,Cancer
Edmund White,Cancer
Ron Reagan,Cancer
Robert Reed,Cancer
Carla Bruni,Cancer
Brian Posehn,Cancer
Shayne Ward,Cancer
Dan Harmon,Cancer
Laird Hamilton,Cancer
Joe Piscopo,Cancer
Alan Thicke,Cancer
Norman Bridwell,Cancer
Biz Stone,Cancer
Drew Pinsky,Cancer
Sharon Gannon,Cancer
Hugo Chávez,Cancer
Bob Denver,Cancer
Patrick Juvet,Cancer
The Weeknd,Cancer
Ella Henderson,Cancer
Keith Urban,Cancer
Michel Legrand,Cancer
Marisa Berenson,Cancer
Jean-Patrick Nazon,Cancer
Claudia Pandolfi,Cancer
Jennifer Garner,Cancer
Gary Oldman,Cancer
Luigi Lo Cascio,Cancer
Ottmar Hitzfeld,Cancer
Anne Archer,Cancer
Marcia Gay Harden,Cancer
Ursula Andress,Cancer
Mariah Carey,Cancer
Aimee Garcia,Cancer
Jean Reno,Cancer
David Hasselhoff,Cancer
Albert Einstein,Cancer
Joan Didion,Cancer
Jilly Cooper,Cancer
Jorge Luis Borges,Cancer
Tom Bergeron,Cancer
Thomas Piketty,Cancer
Thibaut Pinot,Cancer
Charlie Rose,Cancer
Gabriele Salvatores,Cancer
Alison Steadman,Cancer
Gloria Trevi,Cancer
Georgia May Jagger,Cancer
Rachel Maddow,Cancer
Roberto Vittori,Cancer
Fritz Walter,Cancer
Malcolm-Jamal Warner,Cancer
Eric Washington,Cancer
Dennis Weaver,Cancer
Vanna White,Cancer
Shirley Williams,Cancer
Marc Wilmots,Cancer
Adrian Zmed,Cancer
Pierre Alechinsky,Cancer
Michel Barnier,Cancer
Patricia Barbizet,Cancer
Ian Bannen,Cancer
Pierre Balmain,Cancer
Seve Ballesteros,Cancer
Janet Baker,Cancer
Captain Beefheart,Cancer
Claude Bartolone,Cancer
Richard Benjamin,Cancer
Joan Bennett,Cancer
Xavier Bertrand,Cancer
Cilla Black,Cancer
Patricia Blair,Cancer
Doc Blanchard,Cancer
Sally Blane,Cancer
Ann Blyth,Cancer
Melvyn Bragg,Cancer
Ronnie Browne,Cancer
Patrick Bruel,Cancer
Christophe Capelle,Cancer
Leos Carax,Cancer
Simon Callow,Cancer
Francis Cabrel,Cancer
Dixie Carter,Cancer
Caterina Caselli,Cancer
Michael Chang,Cancer
Alain Chamfort,Cancer
Gustavo Cerati,Cancer
Camille Cerf,Cancer
Joan Caulfield,Cancer
Fred Chichin,Cancer
"Princess Elisabeth, Duchess of Brabant",Cancer
Finn Wittrock,Cancer
Taylor Armstrong,Cancer
Eileen Davidson,Cancer
Gene Roddenberry,Cancer
Rob Huebel,Cancer
Mike Posner,Cancer
Dick York,Cancer
Donald Trump Jr.,Cancer
Michael Jordan,Cancer
Chrissy Teigen,Cancer
William Shakespeare,Cancer
Guglielmo Marconi,Cancer
Hasan Minhaj,Cancer
Jemima Kirke,Cancer
Alessandro Nivola,Cancer
Fiorella Mannoia,Cancer
Alessandra Amoroso,Cancer
Greg Sestero,Cancer
Vanessa Williams,Cancer
Nathan Lane,Cancer
Guillaume Depardieu,Cancer
Ann Jillian,Cancer
Romy Schneider,Cancer
Tonya Harding,Cancer
Barbara Hale,Cancer
Michael Palin,Cancer
David Walliams,Cancer
Annette Funicello,Cancer
Andrew Sachs,Cancer
Klaus Kinski,Cancer
Robert Stack,Cancer
Carmen Miranda,Cancer
Lauren Hutton,Cancer
Warren Oates,Cancer
Elizabeth Ashley,Cancer
Ron Ely,Cancer
Anna Karina,Cancer
William Mapother,Cancer
Anna Magnani,Cancer
Linda Hunt,Cancer
Fanny Ardant,Cancer
Felicitas Woll,Cancer
John Brodie,Cancer
Buck Owens,Cancer
Travis Tritt,Cancer
Hank Snow,Cancer
Jessye Norman,Cancer
Pixie Lott,Cancer
Jeanette MacDonald,Cancer
Luminița Gheorghiu,Cancer
Juliane Köhler,Cancer
Sevyn Streeter,Cancer
Jane Wiedlin,Cancer
Valentina Cortese,Cancer
Alberto Sordi,Cancer
Walter Chiari,Cancer
Dario Fo,Cancer
Renato Salvatori,Cancer
Laura Antonelli,Cancer
Sara Forestier,Cancer
Bruno Salomone,Cancer
Michel Piccoli,Cancer
Renny Harlin,Cancer
Luciano Ligabue,Cancer
Claressa Shields,Cancer
Elenoire Casalegno,Cancer
Matt Kenseth,Cancer
Constance Talmadge,Cancer
Salvador Dali,Cancer
Keith Tkachuk,Cancer
Eddie Money,Cancer
Will Rogers,Cancer
Armando Manzanero,Cancer
Pablo Aimar,Cancer
Grégory Coupet,Cancer
Louis Chevrolet,Cancer
John Philip Sousa,Cancer
Alexander Fleming,Cancer
Salvatore Quasimodo,Cancer
Tucker Carlson,Cancer
Drew Scott,Cancer
Lisa Bonet,Cancer
Alfonso Gatto,Cancer
Marvin Gaye,Cancer
Primo Levi,Cancer
Ted Hughes,Cancer
B. R. Ambedkar,Cancer
Mary Shelley,Cancer
Marie Dressler,Cancer
Hector Berlioz,Cancer
MacKenzie Mauzy,Cancer
Kim Wilde,Cancer
Barbara Dickson,Cancer
Jackson Browne,Cancer
Rodrigo Pessoa,Cancer
Caroline Lamarche,Cancer
Monika Treut,Cancer
Lewis William Walt,Cancer
Christine Westermann,Cancer
Ulla Werbrouck,Cancer
Giacomo Agostini,Cancer
Jean Benguigui,Cancer
Dagmar Berghoff,Cancer
Alfred Biolek,Cancer
Bill Blass,Cancer
Benjamin Britten,Cancer
Amy Carter,Cancer
Diane Cilento,Cancer
Sally Kellerman,Cancer
Paris Jackson,Cancer
Kristina Wagner,Cancer
Helen Shaver,Cancer
David Soul,Cancer
Deniece Williams,Cancer
Phoebe Snow,Cancer
Sandy Denny,Cancer
Roland Kaiser,Cancer
Ciccio Ingrassia,Cancer
Dmitri Mendeleev,Cancer
Richard Madden,Leo
Gemma Arterton,Leo
Emma Stone,Leo
Blake Lively,Leo
Zoe Saldana,Leo
Mae Whitman,Leo
Eddie Redmayne,Leo
Laura Prepon,Leo
Daniel Portman,Leo
Lucy Hale,Leo
Holly Marie Combs,Leo
Vanessa Hudgens,Leo
Taissa Farmiga,Leo
Tim Curry,Leo
Selma Blair,Leo
Melissa Joan Hart,Leo
Thomas Mann,Leo
Giovanni Ribisi,Leo
John Goodman,Leo
Adam Levine,Leo
Patrick Demarchelier,Leo
Nick Jonas,Leo
Rachael Leigh Cook,Leo
Heather Graham,Leo
Corey Feldman,Leo
Kyle Richards,Leo
Ashley Olsen,Leo
Demi Lovato,Leo
Eli Roth,Leo
Justin Timberlake,Leo
Michael Bay,Leo
Rajinikanth,Leo
Evanna Lynch,Leo
James Maslow,Leo
Tyson Ritter,Leo
Rutger Hauer,Leo
Jason Biggs,Leo
George Carlin,Leo
Flip Wilson,Leo
Alex Trebek,Leo
Brian Williams,Leo
James Remar,Leo
Eddie Albert,Leo
Luc Besson,Leo
Chris Colfer,Leo
Stephen Fry,Leo
Prince Charles,Leo
"Prince Andrew, Duke of York",Leo
Jake Gyllenhaal,Leo
Johnny Depp,Leo
Patricia Arquette,Leo
Al Pacino,Leo
Yul Brynner,Leo
Meryl Streep,Leo
Jessica Alba,Leo
Kirsten Dunst,Leo
Selena Gomez,Leo
Katie Holmes,Leo
Ashley Judd,Leo
Mayim Bialik,Leo
Jack Nicholson,Leo
Martin Scorsese,Leo
Jessica Lange,Leo
Steven Seagal,Leo
Jason Bateman,Leo
Marilyn Monroe,Leo
Matthew Perry,Leo
Eddie Murphy,Leo
Connie Britton,Leo
Ava Gardner,Leo
Kyle MacLachlan,Leo
Jeremy Irons,Leo
Garry Marshall,Leo
Larry Gatlin,Leo
Giuliano Gemma,Leo
Dick Gephardt,Leo
Jean Giraud,Leo
Lenny Henry,Leo
Ian Holm,Leo
William Hopper,Leo
Darryl Hickman,Leo
Jim Jarmusch,Leo
Isabel Jewell,Leo
Steve Jolley,Leo
Jan Kiepura,Leo
Morgana King,Leo
Miranda Lambert,Leo
Jan Leeming,Leo
Chuan Leekpai,Leo
Denise Lewis,Leo
Vincent Cassel,Leo
Christopher Reeve,Leo
Morgan Fairchild,Leo
James Woods,Leo
Roger Moore,Leo
William Fichtner,Leo
Marilyn Manson,Leo
Steve Martin,Leo
Angela Lansbury,Leo
Teri Hatcher,Leo
Michele Maffei,Leo
Silvio Martinello,Leo
Tim Matheson,Leo
Mark Medlock,Leo
Mahiedine Mekhissi-Benabbad,Leo
Eddy Merckx,Leo
Pierre Mignoni,Leo
Juliet Mills,Leo
Celine Dion,Leo
Don Henley,Leo
Peter Gabriel,Leo
Lindsey Buckingham,Leo
Tina Turner,Leo
Barry Manilow,Leo
Robbie Williams,Leo
Emma Bunton,Leo
Todd Bridges,Leo
Raphaël Varane,Leo
Lucas Pouille,Leo
Richard Gasquet,Leo
Clive Barker,Leo
Dorothy Dandridge,Leo
Maya Angelou,Leo
Bernard Arnault,Leo
Giorgio Armani,Leo
Pierre Omidyar,Leo
Richard Branson,Leo
Herb Alpert,Leo
Jeffrey Tambor,Leo
Josh Groban,Leo
Robert Conrad,Leo
Mike Tyson,Leo
Michael Milken,Leo
George H. W. Bush,Leo
Jiddu Krishnamurti,Leo
Lyndon B. Johnson,Leo
Paramahansa Yogananda,Leo
O. J. Simpson,Leo
Sachin Tendulkar,Leo
George W. Bush,Leo
Alexandre Dumas,Leo
Hulk Hogan,Leo
Dwight Yoakam,Leo
Jeffrey Donovan,Leo
Stephen Crane,Leo
Rudyard Kipling,Leo
Michael Crichton,Leo
John Steinbeck,Leo
John Updike,Leo
Taylor Hanson,Leo
Bret Easton Ellis,Leo
Andrew Lloyd Webber,Leo
Sean Lennon,Leo
Andy Warhol,Leo
Art Garfunkel,Leo
James Brown,Leo
Richie Sambora,Leo
Tony Shalhoub,Leo
Johan Cruyff,Leo
Anne Frank,Leo
Shahid Kapoor,Leo
Manoj Kumar,Leo
Raj Kapoor,Leo
Dilip Kumar,Leo
Raoul Bova,Leo
Alessandro Gassman,Leo
Betty Grable,Leo
Carmen Maura,Leo
Charles Laughton,Leo
Eddie Cibrian,Leo
Emmanuelle Riva,Leo
George Sanders,Leo
Glenn Ford,Leo
Jack Elam,Leo
Liv Ullmann,Leo
Sabine Azéma,Leo
Victor Mature,Leo
Britt Ekland,Leo
Honor Blackman,Leo
Franco Nero,Leo
Sandra Bernhard,Leo
Kevin Dillon,Leo
Naomi Judd,Leo
Arnold Palmer,Leo
Donald Trump,Leo
Judy Collins,Leo
Hugh Downs,Leo
Muhammad Ali,Leo
Yves Montand,Leo
Carol Kane,Leo
Julianne Nicholson,Leo
Lou Diamond Phillips,Leo
Calvin Harris,Leo
Alanis Morissette,Leo
Lara Fabian,Leo
Natalie Cole,Leo
Sarah Brightman,Leo
Anne Murray,Leo
Ella Fitzgerald,Leo
Agnetha Fältskog,Leo
Nancy Sinatra,Leo
Alison Moyet,Leo
Cat Power,Leo
Busta Rhymes,Leo
Evelyn Waugh,Leo
Pat Corley,Leo
Meredith Baxter,Leo
Guillaume Apollinaire,Leo
Milton Berle,Leo
Rosalynn Carter,Leo
Drake (rapper),Leo
Stephanie Seymour,Leo
Lance Bass,Leo
Shaun White,Leo
Sepp Blatter,Leo
James Horner,Leo
Alannah Currie,Leo
Marc Lavoine,Leo
Chris Brown,Leo
Michael Bublé,Leo
Brigitte Nielsen,Leo
Luciano Pavarotti,Leo
Alfred Hitchcock,Leo
Gillian Anderson,Leo
Emily Browning,Leo
Catherine Bach,Leo
Thora Birch,Leo
Mary-Kate Olsen,Leo
Ian McShane,Leo
Barbara Sukowa,Leo
John Hurt,Leo
Amitabh Bachchan,Leo
David McCallum,Leo
Glenn Close,Leo
Wyatt Russell,Leo
Ingrid Bergman,Leo
Aaron Spelling,Leo
Aaron Stanford,Leo
Julie Walters,Leo
Vanessa Redgrave,Leo
Julie Christie,Leo
Thomas Hardy,Leo
Marguerite Yourcenar,Leo
Louise Hay,Leo
Knut Hamsun,Leo
Franz Kafka,Leo
Ian McEwan,Leo
Lex Barker,Leo
Fabrizio Rongione,Leo
Lionel Roux,Leo
Margaret Rhea Seddon,Leo
Susan Strasberg,Leo
Sylvie Testud,Leo
Jim Harbaugh,Leo
Jack Osbourne,Leo
Neale Donald Walsch,Leo
Kirsty Wark,Leo
Bernard Werber,Leo
Toyah Willcox,Leo
Dave Winfield,Leo
Edgar Winter,Leo
Jeanette Winterson,Leo
Klaus Wowereit,Leo
Calpernia Addams,Leo
Sophie Aldred,Leo
Yann Arthus-Bertrand,Leo
Melissa Auf der Maur,Leo
Rick Barry,Leo
Coleman Barks,Leo
David Baltimore,Leo
Michael Ballack,Leo
Danny Baker,Leo
Edmond Baudoin,Leo
Jean Baudrillard,Leo
Pina Bausch,Leo
Alan Bean,Leo
Noah Bean,Leo
Orson Bean,Leo
Louis Beel,Leo
Franco Basaglia,Leo
Andy Bathgate,Leo
Giovanni Battaglin,Leo
Robert Beltran,Leo
Nicola Benedetti,Leo
Charles Berling,Leo
Philippe Bernat-Salles,Leo
Alberto Bevilacqua,Leo
Jean-Marie Bigard,Leo
Cherie Blair,Leo
Paul Bocuse,Leo
Dany Boon,Leo
Tom Bosley,Leo
Patrick Bouchitey,Leo
Franck Bouyer,Leo
Gennaro Bracigliano,Leo
Anne Brochet,Leo
Christopher Brookmyre,Leo
Pierre Brossolette,Leo
Helen Caldicott,Leo
Susan Butcher,Leo
Madeleine Carroll,Leo
Sandy Casar,Leo
Cesar Chavez,Leo
Patrick Chamoiseau,Leo
Richard Clayderman,Leo
Christian Clavier,Leo
Jim Clark,Leo
Don Chipp,Leo
Montgomery Clift,Leo
"Hans-Adam II, Prince of Liechtenstein",Leo
"Charles, Prince of Wales",Leo
Princess Alexandra of Luxembourg,Leo
Princess Alexia of Greece and Denmark,Leo
Carl XVI Gustaf of Sweden,Leo
Buster Keaton,Leo
Stephen Curry,Leo
Randy Orton,Leo
Susan Oliver,Leo
Adrienne Bailon,Leo
Diane Baker,Leo
Scott Pruitt,Leo
Victor Oladipo,Leo
Riccardo Scamarcio,Leo
Georges Pompidou,Leo
Logan Henderson,Leo
Lauren Jauregui,Leo
Ophélie Winter,Leo
Caroline Garcia,Leo
Kristina Mladenovic,Leo
Carson Daly,Leo
Ron Funches,Leo
Abraham Mateo,Leo
Emma Marrone,Leo
Lois Smith,Leo
Tyne Daly,Leo
Alison Sweeney,Leo
Terence Hill,Leo
Robert Urich,Leo
Sybil Danning,Leo
Greg Cipes,Leo
Faith Ford,Leo
Jimmy Dean,Leo
Sylvester McCoy,Leo
Philip Baker Hall,Leo
Caroline Quentin,Leo
Jennifer Jones,Leo
Lee Grant,Leo
Wallace Beery,Leo
Valerie Harper,Leo
Veronica Ferres,Leo
Martina Gedeck,Leo
Sonny Jurgensen,Leo
Waylon Jennings,Leo
Ricky Skaggs,Leo
Renata Tebaldi,Leo
Ginette Reno,Leo
Pablo Picasso,Leo
Deborah Allen,Leo
Sunidhi Chauhan,Leo
Jenny Owen Youngs,Leo
Natacha Atlas,Leo
Ulrich Tukur,Leo
Ken Duken,Leo
Adriana Asti,Leo
Jean Rochefort,Leo
Amanda Ooms,Leo
Maria Schell,Leo
Bernard Montgomery,Leo
Eric Morecambe,Leo
Al Gore,Leo
Mark Phillips,Leo
Anthony Bourdain,Leo
Chrissy Costanza,Leo
Ann Richards,Leo
Ruggero Pasquarelli,Leo
Martin Luther,Leo
Junior Andre,Leo
Steve Perry,Leo
Sébastien Squillaci,Leo
Benoît Costil,Leo
Alexandre Lacazette,Leo
Alastair Sim,Leo
Terry Fox,Leo
Arielle Dombasle,Leo
Blair Fowler,Leo
John Ruskin,Leo
Javed Ali,Leo
Peggy March,Leo
Jacob Perez,Leo
Santi Rodriguez,Leo
Eula Valdez,Leo
Karel Gott,Leo
Clyde Lovellette,Leo
Romeo Beckham,Leo
Zelda Fitzgerald,Leo
"Tyler, the Creator",Leo
Iris Chang,Leo
Aleister Crowley,Leo
Ayn Rand,Leo
Michel Platini,Leo
Ronaldo,Leo
Chris Farley,Leo
Bobby Fischer,Leo
Sri Aurobindo,Leo
Francesca Eastwood,Leo
Tanya Tucker,Leo
Laura Nyro,Leo
Jeff Buckley,Leo
Lisa Lopes,Leo
Anne McCaffrey,Leo
Roberto Bolle,Leo
Marina Tsvetaeva,Leo
Andy Kaufman,Leo
Anne Tyler,Leo
H. A. Rey,Leo
Ludwig Bemelmans,Leo
Alex Haley,Leo
Antonella Gambotto-Burke,Leo
Paul Hindemith,Leo
Alistair MacLean,Leo
Lisa Marie Presley,Leo
Nino Benvenuti,Leo
Luciano Berio,Leo
Summer Bishil,Leo
Harvey Brooks,Leo
Rosalind Cash,Leo
Lucie Arnaz,Leo
Jürgen Klinsmann,Leo
Emma Kenney,Leo
Jaclyn Hill,Leo
Manny MUA,Leo
Earl Thomas Conley,Leo
Rio Reiser,Leo
Helen Vita,Leo
Helmut Qualtinger,Leo
Tiziano Ferro,Leo
John McCook,Leo
Steve Forrest,Leo
Dylan Klebold,Leo
Bruno Cheyrou,Leo
Paulo Castagnoli,Leo
Jenny Ryan,Leo
Kelly Miller,Leo
Ottmar Liebert,Leo
Richard Carpenter,Leo
Sarah Stewart,Leo
Peter Kraus,Leo
"Camilla, Duchess of Cornwall",Leo
Daniel DeWeldon,Leo
Frida Kahlo,Leo
Ariel Winter,Virgo
Charlize Theron,Virgo
Chris Pine,Virgo
Elizabeth Olsen,Virgo
Jane Krakowski,Virgo
Lauren Graham,Virgo
Michael Shannon,Virgo
Michael B. Jordan,Virgo
Sarah Paulson,Virgo
Seann William Scott,Virgo
Keri Russell,Virgo
Kevin Hart,Virgo
Jason Ritter,Virgo
Paul Walker,Virgo
Zack Snyder,Virgo
Shirley MacLaine,Virgo
Brooke Shields,Virgo
Helen Hunt,Virgo
Sophie Marceau,Virgo
Kris Jenner,Virgo
Yami Gautam,Virgo
Andy Samberg,Virgo
Donald Glover,Virgo
Chris Noth,Virgo
Lisa Edelstein,Virgo
Doris Day,Virgo
Patrick Schwarzenegger,Virgo
Jasmine Guy,Virgo
Ted Danson,Virgo
Warren Beatty,Virgo
Conan O'Brien,Virgo
Dave Chappelle,Virgo
Eddie Izzard,Virgo
Dana Carvey,Virgo
Chelsea Handler,Virgo
Jen Kirkman,Virgo
Walt Disney,Virgo
Dolly Parton,Virgo
Tom Skerritt,Virgo
Anne Dudek,Virgo
Adrienne Barbeau,Virgo
Glenn Frey,Virgo
Emma Watson,Virgo
Ryan Reynolds,Virgo
Rumer Willis,Virgo
Keanu Reeves,Virgo
Eva Green,Virgo
James Spader,Virgo
Elizabeth Banks,Virgo
Tom Hanks,Virgo
Bruce Willis,Virgo
Will Ferrell,Virgo
Kevin Costner,Virgo
Uma Thurman,Virgo
Steve Carell,Virgo
Rachel Bilson,Virgo
Sean Astin,Virgo
Debra Paget,Virgo
Sharon Stone,Virgo
Patrick Swayze,Virgo
Julie Andrews,Virgo
Sissy Spacek,Virgo
Woody Allen,Virgo
Faye Dunaway,Virgo
Renée Zellweger,Virgo
Steve Gibb,Virgo
Terry Gilliam,Virgo
Annie Girardot,Virgo
Rudy Giuliani,Virgo
Lillian Gish,Virgo
Enrico Glori,Virgo
Lorne Greene,Virgo
Alasdair Gray,Virgo
Johannes Heesters,Virgo
Byron Janis,Virgo
Alfred Jarry,Virgo
Steve Jobs,Virgo
Brian Jones,Virgo
Yasunari Kawabata,Virgo
Hocine Khalfi,Virgo
Rajesh Khanna,Virgo
David Knopfler,Virgo
Ronnie Knox,Virgo
Robert Koch,Virgo
Paul Langevin,Virgo
Louis Lavelle,Virgo
Samuel Le Bihan,Virgo
Ruta Lee,Virgo
Mel Lisboa,Virgo
Helmut Lotti,Virgo
William Holden,Virgo
Lou Ferrigno,Virgo
Brad Garrett,Virgo
Barbara Stanwyck,Virgo
John Malkovich,Virgo
Kathy Bates,Virgo
Tim Robbins,Virgo
John Barrowman,Virgo
Forest Whitaker,Virgo
Julie Delpy,Virgo
Don Johnson,Virgo
Shannen Doherty,Virgo
Donald Sutherland,Virgo
Kurt Cobain,Virgo
Olivier Martinez,Virgo
Loreena McKennitt,Virgo
Marco Mengoni,Virgo
Sarah Miles,Virgo
Melba Moore,Virgo
Yolande Moreau,Virgo
Harry Hamlin,Virgo
Gary Busey,Virgo
John Cleese,Virgo
Paul McCartney,Virgo
Rod Stewart,Virgo
Donna Summer,Virgo
Pete Townshend,Virgo
Johnny Hallyday,Virgo
Joey McIntyre,Virgo
Karim Benzema,Virgo
Andy Murray,Virgo
Charles Dickens,Virgo
Jeb Bush,Virgo
Bobby Jindal,Virgo
Viktor Frankl,Virgo
Michelle Keegan,Virgo
Marlene Dietrich,Virgo
Diedrich Bader,Virgo
Bill Clinton,Virgo
Henry Fonda,Virgo
Marcel Pagnol,Virgo
Jackie Collins,Virgo
Jack Kerouac,Virgo
Ernest Hemingway,Virgo
Harlan Ellison,Virgo
Leah Pipes,Virgo
Carol Ann Duffy,Virgo
Paul Simon,Virgo
Roy Orbison,Virgo
Tiger Woods,Virgo
Roger Federer,Virgo
Arjen Robben,Virgo
Nawazuddin Siddiqui,Virgo
R. D. Burman,Virgo
Olivia de Havilland,Virgo
Catherine Frot,Virgo
Darsheel Safary,Virgo
Gena Rowlands,Virgo
Gene Kelly,Virgo
Greer Garson,Virgo
Helen Hayes,Virgo
James Cagney,Virgo
Karl Malden,Virgo
Linda Darnell,Virgo
Paul Muni,Virgo
Peter Sellers,Virgo
Tallulah Bankhead,Virgo
Sandrine Bonnaire,Virgo
Van Johnson,Virgo
Zsa Zsa Gabor,Virgo
Kelly Ripa,Virgo
Lindsey Vonn,Virgo
Audrina Patridge,Virgo
Léa Seydoux,Virgo
Debbie Allen,Virgo
Edward Furlong,Virgo
Adèle Exarchopoulos,Virgo
Bobby Cannavale,Virgo
Woody Herman,Virgo
James Taylor,Virgo
Patty Duke,Virgo
Justin Trudeau,Virgo
Isadora Duncan,Virgo
Robert Silverberg,Virgo
Burgess Meredith,Virgo
Steve Wozniak,Virgo
Loni Anderson,Virgo
Howard Hughes,Virgo
Franklin D. Roosevelt,Virgo
Jean Louisa Kelly,Virgo
Shelley Long,Virgo
Robert Englund,Virgo
Benjamin Bratt,Virgo
Pat Brown,Virgo
David Lovering,Virgo
Annie Lennox,Virgo
Loretta Lynn,Virgo
Peggy Lee,Virgo
Melissa Etheridge,Virgo
Sheena Easton,Virgo
Joan Osborne,Virgo
Kim Carnes,Virgo
Simone Simons,Virgo
Tamia,Virgo
Billy Corgan,Virgo
Leonard Cohen,Virgo
Brian Molko,Virgo
David Byrne,Virgo
Charlie Burchill,Virgo
Jim Kerr,Virgo
Dave Navarro,Virgo
Richard Matheson,Virgo
Erle Stanley Gardner,Virgo
Rainer Maria Rilke,Virgo
Betty Ford,Virgo
Brian Keith,Virgo
Steve Norman,Virgo
Doug Benson,Virgo
Michael McIntyre,Virgo
Richard Belzer,Virgo
Suzi Quatro,Virgo
Fernando Alonso,Virgo
Kenny Chesney,Virgo
William Friedkin,Virgo
Lisa Ling,Virgo
Gary Vaynerchuk,Virgo
Hugh Hefner,Virgo
Josephine Baker,Virgo
Pete Shelley,Virgo
Penn Jillette,Virgo
Samir Nasri,Virgo
Olivia Newton-John,Virgo
Vincenzo Nibali,Virgo
Eva Padberg,Virgo
Rita Pavone,Virgo
Christina Ricci,Virgo
Marion Cotillard,Virgo
Jaime King,Virgo
Adrien Brody,Virgo
Coretta Scott King,Virgo
Fred Savage,Virgo
Beverly D'Angelo,Virgo
Audrey Tautou,Virgo
Malala Yousafzai,Virgo
Andrea Bocelli,Virgo
Antony Starr,Virgo
John Carpenter,Virgo
Lesley-Anne Down,Virgo
Jane Austen,Virgo
Louisa May Alcott,Virgo
Kurt Vonnegut,Virgo
Albert Camus,Virgo
Renzo Piano,Virgo
Valentino Rossi,Virgo
Jacques Rogge,Virgo
Jerry Rubin,Virgo
Martina Stella,Virgo
Candide Thovex,Virgo
Nigel Farage,Virgo
Jimmy Webb,Virgo
Johnny Whitaker,Virgo
Mats Wilander,Virgo
Judy Winter,Virgo
Dimitri Yachvili,Virgo
Lena Zavaroni,Virgo
Salvatore Adamo,Virgo
Mathieu Amalric,Virgo
Carlo Ancelotti,Virgo
Jeff Bagwell,Virgo
Fabien Barthez,Virgo
Rubens Barrichello,Virgo
Jean-Louis Barrault,Virgo
Jimmy Barnes,Virgo
Sirimavo Bandaranaike,Virgo
Patrick Balkany,Virgo
Jean-Louis Beffa,Virgo
Richard Basehart,Virgo
Tony Benn,Virgo
Jean-Luc Bennahmias,Virgo
Nate Berkus,Virgo
Mathieu Berson,Virgo
Bernardo Bertolucci,Virgo
Jean-Luc Bideau,Virgo
Oliver Bierhoff,Virgo
Umberto Bindi,Virgo
Traci Bingham,Virgo
Dominique Blanc,Virgo
Lino Ventura,Virgo
Andrea Bonomi,Virgo
Edwina Booth,Virgo
Vital Borkelmans,Virgo
Michel Bouquet,Virgo
Ludovic Bource,Virgo
Neville Brand,Virgo
Rossano Brazzi,Virgo
Tim Brooke-Taylor,Virgo
James Broughton,Virgo
Bernard Campan,Virgo
Laurent Cantet,Virgo
Roberto Capucci,Virgo
Gretchen Carlson,Virgo
Michel Camdessus,Virgo
Jean-Pierre Cassel,Virgo
Anthony Charteau,Virgo
Carol Channing,Virgo
Bob Champion,Virgo
Alain Chabat,Virgo
Eleanor Catton,Virgo
Joe Clark,Virgo
Van Cliburn,Virgo
Prince Felix of Denmark,Virgo
"Princess Astrid of Belgium, Archduchess of Austria-Este",Virgo
Uzo Aduba,Virgo
Bella Hadid,Virgo
Bradley Wiggins,Virgo
Karla Souza,Virgo
Gregory Harrison,Virgo
Stephanie Stumph,Virgo
Carolyn Jones,Virgo
Clint Walker,Virgo
Kristian Alfonso,Virgo
Tom Everett Scott,Virgo
Jamie Chung,Virgo
Rue McClanahan,Virgo
Winston Churchill,Virgo
Chris Stapleton,Virgo
Rachel Zoe,Virgo
Nicolas Sarkozy,Virgo
Ricky Williams,Virgo
Amanda Cerny,Virgo
Finn Wolfhard,Virgo
Sara Benincasa,Virgo
Robert Guillaume,Virgo
Victoria Woodhull,Virgo
Raja Kumari,Virgo
Axwell,Virgo
Ruth Connell,Virgo
Ornella Muti,Virgo
Jason Connery,Virgo
Wim Wenders,Virgo
Benjamin Millepied,Virgo
Jackie Coogan,Virgo
Robson Green,Virgo
Jamie Farr,Virgo
Brian Blessed,Virgo
Federico Fellini,Virgo
Constance Towers,Virgo
Wanda Hendrix,Virgo
Erik Thomson,Virgo
Paula Prentiss,Virgo
Betty Buckley,Virgo
Ronald Colman,Virgo
Elke Sommer,Virgo
Ted Knight,Virgo
Bud Spencer,Virgo
John Agar,Virgo
Jeanne Balibar,Virgo
Sylvia Kristel,Virgo
Maureen Stapleton,Virgo
Nanette Fabray,Virgo
Doug Flutie,Virgo
Jason Witten,Virgo
Clint Black,Virgo
Gene Autry,Virgo
Rozonda Thomas,Virgo
Nina Hagen,Virgo
Plácido Domingo,Virgo
Kaye Ballard,Virgo
Ornella Vanoni,Virgo
Sabrina Salerno,Virgo
Janis Ian,Virgo
Grace Potter,Virgo
Della Reese,Virgo
Scotty McCreery,Virgo
Christina Plate,Virgo
Hannah Herzsprung,Virgo
Thomas Anders,Virgo
Virna Lisi,Virgo
Roberto Rossellini,Virgo
Dino Risi,Virgo
Raf Vallone,Virgo
Mariangela Melato,Virgo
Alida Chelli,Virgo
Liselotte Pulver,Virgo
Florence Nightingale,Virgo
Hoodie Allen,Virgo
Michio Kaku,Virgo
Paul Dirac,Virgo
Julie Gayet,Virgo
Troy Gentry,Virgo
Morris K. Udall,Virgo
Greg Gutfeld,Virgo
Theodor W. Adorno,Virgo
Edwin Hubble,Virgo
Al Jolson,Virgo
Mikaël Silvestre,Virgo
Rémy Vercoutre,Virgo
Paul Azinger,Virgo
Yukio Mishima,Virgo
Patrick Kane,Virgo
Liza Soberano,Virgo
Henry Ford,Virgo
Lizzie Borden,Virgo
Bill Belichick,Virgo
Shraddha Kapoor,Virgo
Eric Zemmour,Virgo
Shannon Miller,Virgo
Richard Nixon,Virgo
Trisha Paytas,Virgo
Pete Buttigieg,Virgo
Gavin Newsom,Virgo
Vanessa Marcil,Virgo
Cybill Shepherd,Virgo
Franco Malerba,Virgo
Oscar Wilde,Virgo
Richard Bach,Virgo
J. R. R. Tolkien,Virgo
Ian Fleming,Virgo
Mike Gordon,Virgo
Carrie Snodgress,Virgo
José Ferrer,Virgo
Igor Stravinsky,Virgo
Madeleine L'Engle,Virgo
Elizabeth Barrett Browning,Virgo
Gwendolyn Brooks,Virgo
Gioia Bruno,Virgo
Edward Zorinsky,Virgo
Claudio Bisio,Virgo
Mauro Bolognini,Virgo
Ian Charleson,Virgo
Dwayne Johnson,Libra
Benedict Cumberbatch,Libra
Ginnifer Goodwin,Libra
Idris Elba,Libra
Colton Haynes,Libra
Sam Rockwell,Libra
Jean-Claude Van Damme,Libra
Keith Stanfield,Libra
Parker Posey,Libra
Josh Holloway,Libra
Matt Bomer,Libra
Hayden Panettiere,Libra
Emma Fuhrmann,Libra
Hans Zimmer,Libra
Lee Majors,Libra
Hayley Kiyoko,Libra
Jill Ireland,Libra
Chevy Chase,Libra
Sally Field,Libra
Dana Delany,Libra
Jean Seberg,Libra
Aaron Eckhart,Libra
Asia Argento,Libra
Debra Winger,Libra
Tyler Perry,Libra
Erika Eleniak,Libra
Judge Reinhold,Libra
Brian Austin Green,Libra
Kevin Sorbo,Libra
Redd Foxx,Libra
Bob Newhart,Libra
Bob Hope,Libra
Bill Maher,Libra
Elizabeth Montgomery,Libra
Julian McMahon,Libra
Kelly Rutherford,Libra
Mahershala Ali,Libra
Jesse Metcalfe,Libra
Martti Ahtisaari,Libra
Jimmy Carter,Libra
Princess Eugenie of York,Libra
Princess Anne,Libra
Leonardo DiCaprio,Libra
Jennifer Aniston,Libra
Rose Byrne,Libra
Kate Winslet,Libra
Gerard Butler,Libra
James McAvoy,Libra
Denzel Washington,Libra
Ewan McGregor,Libra
Kelly Brook,Libra
James Garner,Libra
Vince Vaughn,Libra
Jennifer Carpenter,Libra
Frank Sinatra,Libra
Natalie Wood,Libra
Ellen Burstyn,Libra
Lea Thompson,Libra
Courtney Love,Libra
John Ritter,Libra
Roman Polanski,Libra
Geena Davis,Libra
Crystal Gayle,Libra
Peaches Geldof,Libra
Janet Gaynor,Libra
Barry Gibb,Libra
Coleen Gray,Libra
Hank Greenberg,Libra
Andy Griffith,Libra
Gus Grissom,Libra
Scott Grimes,Libra
Wolke Hegenbarth,Libra
Justine Henin,Libra
Scott Hicks,Libra
Max Jacob,Libra
Derek Jacobi,Libra
Norman Jewison,Libra
Andrew Johnson,Libra
Anthony Kiedis,Libra
Audrey Landers,Libra
Jack Layton,Libra
Christopher Lee,Libra
Louis Leterrier,Libra
Rock Hudson,Libra
Natasha Richardson,Libra
Traci Lords,Libra
Britney Spears,Libra
Billy Connolly,Libra
Greg Kinnear,Libra
Andrew McCarthy,Libra
Debbie Reynolds,Libra
Mark Harmon,Libra
Anne Heche,Libra
Dudley Moore,Libra
Cameron Mackintosh,Libra
Donald McHenry,Libra
Oleg Menshikov,Libra
Tatum O'Neal,Libra
Angus Young,Libra
Neil Diamond,Libra
Phil Collins,Libra
Kirk Hammett,Libra
Kenny Rogers,Libra
Stevie Wonder,Libra
Al Jardine,Libra
Michael Stipe,Libra
John Densmore,Libra
Robby Krieger,Libra
Lucas Digne,Libra
Mickaël Landreau,Libra
Karl May,Libra
Maura Tierney,Libra
Sidney Poitier,Libra
Silvio Berlusconi,Libra
Harry Styles,Libra
Ted Cruz,Libra
Ricki Lake,Libra
Kris Kristofferson,Libra
John F. Kennedy,Libra
Yoko Ono,Libra
Ruth Gordon,Libra
Alexandra Maria Lara,Libra
Judy Blume,Libra
Harper Lee,Libra
James Brolin,Libra
Gene Simmons,Libra
Jon Bon Jovi,Libra
Eric Clapton,Libra
Jerry Garcia,Libra
Tom Brady,Libra
Venus Williams,Libra
Dara Singh,Libra
Varun Dhawan,Libra
Omar Sharif,Libra
Adolphe Menjou,Libra
Alain Delon,Libra
Bing Crosby,Libra
Charles Bickford,Libra
Deborah Kerr,Libra
Emmanuelle Devos,Libra
Fredric March,Libra
Gracie Fields,Libra
Jane Wyman,Libra
Lew Ayres,Libra
Neal McDonough,Libra
Tyrone Power,Libra
Scott Wolf,Libra
Guillaume Canet,Libra
Jean Harlow,Libra
Bill Mumy,Libra
Til Schweiger,Libra
Robert Carradine,Libra
Zoë Kravitz,Libra
Laetitia Casta,Libra
Sam Waterston,Libra
Niall Horan,Libra
Rupert Everett,Libra
Raven-Symoné,Libra
Cat Stevens,Libra
Tony Randall,Libra
Arthur Ashe,Libra
Daniel Berrigan,Libra
Kareem Abdul-Jabbar,Libra
Chuck Barris,Libra
Sam Lloyd,Libra
Aida Turturro,Libra
Nancy Reagan,Libra
Nelson Rockefeller,Libra
Leah Remini,Libra
Carole King,Libra
Etta James,Libra
Anni-Frid Lyngstad,Libra
Chrissie Hynde,Libra
Petula Clark,Libra
Avril Lavigne,Libra
Amy Grant,Libra
Nana Mouskouri,Libra
Nena,Libra
Charlotte Church,Libra
Paula Abdul,Libra
Keri Hilson,Libra
Alice Cooper,Libra
Aaron Lewis,Libra
Arthur Rimbaud,Libra
Frank Herbert,Libra
Richard Chamberlain,Libra
Jason Collins,Libra
Muhammad Iqbal,Libra
Christina Rossetti,Libra
Harpo Marx,Libra
Kendrick Lamar,Libra
Martin Kemp,Libra
Colin Quinn,Libra
Michelle Branch,Libra
Dottie West,Libra
Donna Fargo,Libra
Helena Christensen,Libra
Adriana Karembeu,Libra
John Mayer,Libra
Ross Rebagliati,Libra
Barbara Walters,Libra
Jerry Springer,Libra
Mikhail Lermontov,Libra
Anderson Cooper,Libra
Joe Jonas,Libra
Ned Beatty,Libra
Sarah Palin,Libra
Adam Lambert,Libra
Pete Burns,Libra
Grant Hart,Libra
Ramses Shaffy,Libra
Milton Friedman,Libra
Daria Nicolodi,Libra
Laura Pausini,Libra
Fabien Pelous,Libra
Anne Baxter,Libra
Harrison Ford,Libra
Javier Bardem,Libra
Mimi Hines,Libra
Anne Francis,Libra
Shemar Moore,Libra
Terence Stamp,Libra
Craig Ferguson,Libra
Omar Sy,Libra
Mathieu Valbuena,Libra
Harry Dean Stanton,Libra
Arthur Miller,Libra
Bernard Pivot,Libra
Suzanne Pleshette,Libra
Jean-Paul Rouve,Libra
Janet Street-Porter,Libra
Victoria Tennant,Libra
Twyla Tharp,Libra
Betty Thomas,Libra
Andreas Vollenweider,Libra
Ken Wilber,Libra
Julia Zemiro,Libra
Marcello Abbado,Libra
Armi Aavikko,Libra
Dawn Addams,Libra
Jean-Hugues Anglade,Libra
Alberto Ascari,Libra
David Auradou,Libra
Kristina Bach,Libra
Gino Bartali,Libra
Jacques Baratier,Libra
Amiri Baraka,Libra
Vivica Bandler,Libra
Josiane Balasko,Libra
Chet Baker,Libra
Thomas Beatie,Libra
Lou Bega,Libra
Eva Bartok,Libra
Maggie Bell,Libra
Lynda Bellingham,Libra
Thomas Bernhard,Libra
Bill Bixby,Libra
Michel Blanc,Libra
Felix Bloch,Libra
Sonny Bono,Libra
Robert Bork,Libra
Frank Borman,Libra
Bernard Bosson,Libra
Rachid Bouchareb,Libra
Jim Bouton,Libra
Stephen Boyd,Libra
Bill Bradley,Libra
Michael Brandon,Libra
Rory Bremner,Libra
Louis Caput,Libra
Pierre Cardin,Libra
Ruth Cardoso,Libra
Magnus Carlsen,Libra
Martine Carol,Libra
Zoumana Camara,Libra
James F. Calvert,Libra
Cab Calloway,Libra
Gerald P. Carr,Libra
Nino Castelnuovo,Libra
Julie Chen,Libra
Lauren Chapin,Libra
Manu Chao,Libra
Jean-Baptiste Chanfreau,Libra
Marge Champion,Libra
Jo Ann Castle,Libra
"Anne, Princess Royal",Libra
Prince Friso of Orange-Nassau,Libra
Tovah Feldshuh,Libra
Tony Robbins,Libra
Colette,Libra
Quincy Jones,Libra
Christian Louboutin,Libra
Eileen Brennan,Libra
Peter Lawford,Libra
Barbara Bouchet,Libra
Lionel Potillon,Libra
Delta Burke,Libra
Rachel Dolezal,Libra
Kendall Schmidt,Libra
Andrea Russett,Libra
Danica Patrick,Libra
Taylor Twellman,Libra
Boris Johnson,Libra
Biagio Antonacci,Libra
Marina Kaye,Libra
Don Diablo,Libra
Sander Van Doorn,Libra
Ummet Ozcan,Libra
Lynne Ramsay,Libra
Miles Heizer,Libra
Gloria Grahame,Libra
Gates McFadden,Libra
Mario Casas,Libra
Joan Fontaine,Libra
Anna Nicole Smith,Libra
Noah Munck,Libra
Ida Lupino,Libra
Romain Duris,Libra
Patty Jenkins,Libra
Sergio Leone,Libra
Sally Struthers,Libra
Frances Dee,Libra
Ian Ziering,Libra
Tom Franco,Libra
Diana Dors,Libra
Tinto Brass,Libra
Claudette Colbert,Libra
John Garfield,Libra
Rudolph Valentino,Libra
Guy Madison,Libra
Joe Montana,Libra
Warren Moon,Libra
Otto Graham,Libra
Jimmy Buffett,Libra
B. J. Thomas,Libra
Isabelle Boulay,Libra
Janis Paige,Libra
Caterina Valente,Libra
Tionne Watkins,Libra
Heinrich George,Libra
Ulrich Noethen,Libra
Clara Calamai,Libra
Giovanna Mezzogiorno,Libra
Luigi Comencini,Libra
Nanni Moretti,Libra
Isa Miranda,Libra
Karin Viard,Libra
Kitty Courbois,Libra
Isa Hoes,Libra
Ines Torelli,Libra
Monica Lewinsky,Libra
Carlo Conti,Libra
Michele Zarrillo,Libra
Jamie Oliver,Libra
Daniel Middleton,Libra
Tony Parker,Libra
Emeril Lagasse,Libra
Magda Szubanski,Libra
Sidney Crosby,Libra
Melody Thomas Scott,Libra
Joseph Brodsky,Libra
John Quincy Adams,Libra
Woodrow Wilson,Libra
Katie Couric,Libra
Jérôme Rothen,Libra
Stéphane Dalmat,Libra
Sylvain Wiltord,Libra
Pancho Villa,Libra
Regis Toomey,Libra
Mireille Darc,Libra
Shila Amzah,Libra
Bernard Cribbins,Libra
Ed Koch,Libra
Daniel Orton,Libra
Robert Lewandowski,Libra
Scott Hoying,Libra
Doja Cat,Libra
Travis Clark,Libra
Monty Hall,Libra
Emma Slater,Libra
Bill Medley,Libra
Adam Irigoyen,Libra
Kevin Staut,Libra
Elle Mills,Libra
Juliette Greco,Libra
Sean Gullette,Libra
Vittorio Mezzogiorno,Libra
Pierre Trudeau,Libra
Chuck Close,Libra
John McEnroe,Libra
Giovanni Morassutti,Libra
Nico Tortorella,Libra
Alexis Thorpe,Libra
Loulou Gasté,Libra
Cary Grant,Libra
Mark Helprin,Libra
Otto Klemperer,Libra
Shawn Andrews,Libra
Daphne du Maurier,Libra
Lou Barlow,Libra
Eva Cassidy,Libra
Theodore Sturgeon,Libra
Ross Macdonald,Libra
Jean Babilée,Libra
Pete Holmes,Libra
Dilma Rousseff,Libra
Tom Cassell,Libra
Crystal Bowersox,Libra
Tom Pierson,Libra
Christoph Blocher,Libra
Kit Bond,Libra
Luis Cernuda,Libra
Pierre Clostermann,Libra
Cameron Dallas￼ ￼ ￼,Libra
Jo Cox,Libra
Chetan Bhagat,Libra
Bill Melendez,Libra
Kevin G. Schmidt,Libra
Jack Lord,Libra
Ethel Barrymore,Libra
Chris Pratt,Scorpio
Jessica Chastain,Scorpio
Tyrese Gibson,Scorpio
Daniel Craig,Scorpio
Garrett Hedlund,Scorpio
James Franco,Scorpio
Naomi Watts,Scorpio
Ashley Benson,Scorpio
Analeigh Tipton,Scorpio
Kevin Smith,Scorpio
Mara Wilson,Scorpio
Jaden Smith,Scorpio
Paulina Porizkova,Scorpio
Billy Dee Williams,Scorpio
Aria Giovanni,Scorpio
James Gandolfini,Scorpio
Gabriel Mann,Scorpio
Rob Schneider,Scorpio
Chris Evans (actor),Scorpio
Valerie Bertinelli,Scorpio
Eric Balfour,Scorpio
Jaime Murray,Scorpio
Abhishek Bachchan,Scorpio
Hrithik Roshan,Scorpio
Shah Rukh Khan,Scorpio
Rob Riggle,Scorpio
Izabella Miko,Scorpio
Grace Kelly,Scorpio
Ed O'Neill,Scorpio
Jasmine Trinca,Scorpio
Jessica Simpson,Scorpio
Johnny Carson,Scorpio
Groucho Marx,Scorpio
Drew Carey,Scorpio
Bebe Neuwirth,Scorpio
Kathy Najimy,Scorpio
Peter Capaldi,Scorpio
Laurie Metcalf,Scorpio
Hugh O'Brian,Scorpio
Anne Bancroft,Scorpio
David Strathairn,Scorpio
Vanessa Paradis,Scorpio
Jonathan Brandis,Scorpio
Arianna Huffington,Scorpio
Jared Cohen,Scorpio
David Gilmour,Scorpio
Vin Diesel,Scorpio
Norman Reedus,Scorpio
Clint Eastwood,Scorpio
Charlton Heston,Scorpio
Nicole Kidman,Scorpio
Robin Williams,Scorpio
Jim Caviezel,Scorpio
Edward Norton,Scorpio
Taylor Swift,Scorpio
David Lynch,Scorpio
Bette Davis,Scorpio
River Phoenix,Scorpio
Michael Douglas,Scorpio
Robert Wagner,Scorpio
Richard Harris,Scorpio
Penny Marshall,Scorpio
Elia Kazan,Scorpio
Robin Gibb,Scorpio
Maurice Gibb,Scorpio
Bernard Giraudeau,Scorpio
Sharon Gless,Scorpio
John Glenn,Scorpio
Gracie Gold,Scorpio
Liz Greene,Scorpio
Anouk Grinberg,Scorpio
Romain Grosjean,Scorpio
Miriam Hopkins,Scorpio
Dennis Hopper,Scorpio
Janet Jackson,Scorpio
Jean-Pierre Jeunet,Scorpio
Ruby Keeler,Scorpio
Alexander Klaws,Scorpio
Paul Klee,Scorpio
Susan Kohner,Scorpio
Wanda Landowska,Scorpio
Alberto Lattuada,Scorpio
Renaud Lavillenie,Scorpio
Auriol Lee,Scorpio
Suzanne Lenglen,Scorpio
Liev Schreiber,Scorpio
Jim Carrey,Scorpio
Leonard Nimoy,Scorpio
Frank Gorshin,Scorpio
Janet Leigh,Scorpio
Oliver Stone,Scorpio
Katharine Hepburn,Scorpio
Rob Reiner,Scorpio
Ed Harris,Scorpio
Diane Keaton,Scorpio
Katharine Isabelle,Scorpio
Katy Perry,Scorpio
Kelly McGillis,Scorpio
Justin Bieber,Scorpio
Blaise Matuidi,Scorpio
Jimmy Page,Scorpio
Julio Iglesias,Scorpio
Roger Daltrey,Scorpio
Bill Berry,Scorpio
Chad Smith,Scorpio
Danny Wood,Scorpio
Aretha Franklin,Scorpio
Diego Costa,Scorpio
Laurent Koscielny,Scorpio
Rafael Nadal,Scorpio
Anton Chekhov,Scorpio
Gustave Flaubert,Scorpio
Paul Auster,Scorpio
Richard Roundtree,Scorpio
Julia Gillard,Scorpio
Bernie Sanders,Scorpio
Hillary Rodham Clinton,Scorpio
Chris Christie,Scorpio
Arthur C. Clarke,Scorpio
Nastassja Kinski,Scorpio
Susan Hayward,Scorpio
Stacy Keach,Scorpio
Charlotte Rae,Scorpio
Stendhal,Scorpio
Samuel Beckett,Scorpio
Mark Twain,Scorpio
John Irving,Scorpio
George Eliot,Scorpio
Georges Simenon,Scorpio
George Orwell,Scorpio
Yara Shahidi,Scorpio
Chuck Berry,Scorpio
John Lydon,Scorpio
Bootsy Collins,Scorpio
Glen Campbell,Scorpio
Derek Jeter,Scorpio
Diego Maradona,Scorpio
Edgar Allan Poe,Scorpio
Arjun Rampal,Scorpio
Mariel Hemingway,Scorpio
Mary Astor,Scorpio
Enrique Iglesias,Scorpio
Esha Deol,Scorpio
James Whitmore,Scorpio
Lionel Barrymore,Scorpio
Louise Brooks,Scorpio
Victoria Abril,Scorpio
Joanna Cassidy,Scorpio
Susan Dey,Scorpio
Ione Skye,Scorpio
Linda Evans,Scorpio
June Diane Raphael,Scorpio
Bernadette Peters,Scorpio
Chloë Sevigny,Scorpio
Liam Payne,Scorpio
Doug McClure,Scorpio
James Caan,Scorpio
Peggy Fleming,Scorpio
Diana Ross,Scorpio
Jacqueline Kennedy Onassis,Scorpio
Grace Slick,Scorpio
Jonas Salk,Scorpio
Margaret Trudeau,Scorpio
Pat Boone,Scorpio
Ed Asner,Scorpio
Wally Cox,Scorpio
Arthur Fiedler,Scorpio
Beau Bridges,Scorpio
Davy Crockett,Scorpio
Björk,Scorpio
Cheech Marin,Scorpio
Sarah Vaughan,Scorpio
Justin Roiland,Scorpio
Brad Pickett,Scorpio
Joe Lally,Scorpio
S. Sreesanth,Scorpio
Maria Callas,Scorpio
Chaka Khan,Scorpio
Tori Amos,Scorpio
Ann Wilson,Scorpio
Gladys Knight,Scorpio
Debbie Harry,Scorpio
Édith Piaf,Scorpio
Lana Del Rey,Scorpio
Toni Tennille,Scorpio
Vikki Carr,Scorpio
John Fogerty,Scorpio
Prince (musician),Scorpio
Stevie Ray Vaughan,Scorpio
Graham Nash,Scorpio
Robin Zander,Scorpio
Justin Hayward,Scorpio
Bryan Ferry,Scorpio
Mike Patton,Scorpio
Missy Elliott,Scorpio
Ian Rankin,Scorpio
Gore Vidal,Scorpio
Vaslav Nijinsky,Scorpio
Rex Harrington,Scorpio
Gary Snyder,Scorpio
Amy Lowell,Scorpio
Denise Levertov,Scorpio
Patty Loveless,Scorpio
Claudia Schiffer,Scorpio
Phil Mickelson,Scorpio
Lewis Hamilton,Scorpio
Vladimir Putin,Scorpio
Graham Norton,Scorpio
Ivan Bunin,Scorpio
Vladimir Mayakovsky,Scorpio
Charles Brackett,Scorpio
Adore Delano,Scorpio
Dean Stockwell,Scorpio
Amanda Lear,Scorpio
Leonard Bernstein,Scorpio
Samantha Ronson,Scorpio
David Guetta,Scorpio
Margaret Thatcher,Scorpio
Liliane Bettencourt,Scorpio
Wilfried Peeters,Scorpio
Jennifer Love Hewitt,Scorpio
Victoria Justice,Scorpio
Eva Longoria,Scorpio
Bernard Hinault,Scorpio
Jennifer Coolidge,Scorpio
Robert Hossein,Scorpio
Keith Richards,Scorpio
George Harrison,Scorpio
Oliver Reed,Scorpio
Russell Peters,Scorpio
Valeria Golino,Scorpio
Amy Brenneman,Scorpio
Emily Dickinson,Scorpio
Fernando Pessoa,Scorpio
Italo Calvino,Scorpio
Christian Prudhomme,Scorpio
Judith Rakers,Scorpio
Nina Ruge,Scorpio
Tisha Sterling,Scorpio
Nicola Sturgeon,Scorpio
Valentina Tereshkova,Scorpio
Ivana Trump,Scorpio
Diane von Fürstenberg,Scorpio
Reggie Bush,Scorpio
Linda McCartney,Scorpio
Stephanie Pratt,Scorpio
Jens Voigt,Scorpio
Charles Weidman,Scorpio
Ted Williams,Scorpio
Robert Woodrow Wilson,Scorpio
Graham Yost,Scorpio
Neile Adams,Scorpio
Natacha Amal,Scorpio
Vito Antuofermo,Scorpio
Jane Asher,Scorpio
Laurent Baffie,Scorpio
Federico Bahamontes,Scorpio
John Drew Barrymore,Scorpio
Marie-Christine Barrault,Scorpio
Bob Barker,Scorpio
Yehuda Barkan,Scorpio
Jean-Pierre Balligand,Scorpio
Dominique Baudis,Scorpio
Stuart Bell,Scorpio
Andy Benes,Scorpio
Giuseppe Bergomi,Scorpio
Louis Bertignac,Scorpio
Olivier Besancenot,Scorpio
Tony Blackburn,Scorpio
Ritchie Blackmore,Scorpio
Hal Blaine,Scorpio
Rico Blanco,Scorpio
Patrick Bloche,Scorpio
Julio Bocca,Scorpio
Paul Vanden Boeynants,Scorpio
Simona Ventura,Scorpio
Virginia Bottomley,Scorpio
Phil Bourque,Scorpio
Bill Brock,Scorpio
Sally Brophy,Scorpio
Johan Bruyneel,Scorpio
Judy Canova,Scorpio
Nicolas Canteloup,Scorpio
Mario Capecchi,Scorpio
Riccardo Carapellese,Scorpio
Sylvain Calzati,Scorpio
Rudi Carrell,Scorpio
Jeanne Cherhal,Scorpio
Jacques Chaban-Delmas,Scorpio
Gino Cervi,Scorpio
Lenny Clarke,Scorpio
Marcia Clark,Scorpio
Dick Clark,Scorpio
Giorgio Chinaglia,Scorpio
Imogene Coca,Scorpio
Prince George of Cambridge,Scorpio
Princess Beatrice of the United Kingdom,Scorpio
Dana White,Scorpio
Elijah Kelley,Scorpio
Sandrine Kiberlain,Scorpio
Ryan Coogler,Scorpio
Brandi Glanville,Scorpio
Robert Wise,Scorpio
Melissa Satta,Scorpio
Jeanne Crain,Scorpio
Russ Tamblyn,Scorpio
Terry Bradshaw,Scorpio
Ed Sanders,Scorpio
Joanna Lumley,Scorpio
Mitzi Gaynor,Scorpio
Halsey (singer),Scorpio
Reince Priebus,Scorpio
Martha Stewart,Scorpio
Hillary Clinton,Scorpio
Thomas Edison,Scorpio
Sigmund Freud,Scorpio
Caitlyn Jenner,Scorpio
Stedman Graham,Scorpio
Lali Espósito,Scorpio
Dominique Swain,Scorpio
Rosalind Russell,Scorpio
Uri Geller,Scorpio
Storm Reid,Scorpio
Doug Savant,Scorpio
Otto Knows,Scorpio
Sebastian Ingrosso,Scorpio
Michael Mann,Scorpio
Thomas Lennon,Scorpio
Graham Greene,Scorpio
Cliff Robertson,Scorpio
Harvey Weinstein,Scorpio
Kay Lenz,Scorpio
Loretta Swit,Scorpio
Jeff Conaway,Scorpio
Tracey Ullman,Scorpio
Matthew Morrison,Scorpio
Johnny Weissmuller,Scorpio
Nina Hartley,Scorpio
Hope Lange,Scorpio
Gavin MacLeod,Scorpio
Gavin Rossdale,Scorpio
Robert Altman,Scorpio
Patrick Macnee,Scorpio
Hildegard Knef,Scorpio
Fran Tarkenton,Scorpio
Bill Monroe,Scorpio
Sandie Shaw,Scorpio
Zarah Leander,Scorpio
Sharleen Spiteri,Scorpio
Branka Katić,Scorpio
Amel Bent,Scorpio
Axelle Red,Scorpio
Dannii Minogue,Scorpio
Rainhard Fendrich,Scorpio
Liliana Cavani,Scorpio
Isabella Ferrari,Scorpio
Silvana Mangano,Scorpio
Stefania Sandrelli,Scorpio
Amedeo Nazzari,Scorpio
Elisabetta Canalis,Scorpio
Danielle Darrieux,Scorpio
Daniel Auteuil,Scorpio
Tauno Palo,Scorpio
Klaus Hagerup,Scorpio
Max Pallenberg,Scorpio
Brody Jenner,Scorpio
Michelle Visage,Scorpio
Chelsea Clinton,Scorpio
Otto Hahn,Scorpio
Jasmine Thompson,Scorpio
Stefan Raab,Scorpio
Kendji Girac,Scorpio
Marco Masini,Scorpio
Giuliano Sangiorgi,Scorpio
Ethan Dolan,Scorpio
Grayson Dolan,Scorpio
Seán William McLoughlin,Scorpio
Olly Alexander,Scorpio
Una Healy,Scorpio
Manu Payet,Scorpio
Helen Keller,Scorpio
Jack Nicklaus,Scorpio
Pascal Nouma,Scorpio
Bobby Knight,Scorpio
Charles Farrell,Scorpio
Jerry West,Scorpio
Josh Hopkins,Scorpio
Kaia Gerber,Scorpio
Sir Isaac Newton,Scorpio
Red Skelton,Scorpio
Anna Massey,Scorpio
Daniela Katzenberger,Scorpio
Kimberly Guilfoyle,Scorpio
Daisy Fuentes,Scorpio
Ben Platt,Scorpio
Bertrand Russell,Scorpio
Giovanni Niubo,Scorpio
Jay B,Scorpio
Bill Cosby,Scorpio
Giovanni Gronchi,Scorpio
Tia Hellebaut,Scorpio
Johan Jongkind,Scorpio
Henry McLeish,Scorpio
Narendra Modi,Scorpio
Giacomo Leopardi,Scorpio
Ozzy Osbourne,Scorpio
Neil Young,Scorpio
Marquis de Sade,Scorpio
Michel Foucault,Scorpio
Robert A. Heinlein,Scorpio
Katt Williams,Scorpio
Dave Davies,Scorpio
Neal Cassady,Scorpio
Keshia Knight Pulliam,Scorpio
Rickie Lee Jones,Scorpio
Svika Pick,Scorpio
Mary Pierce,Scorpio
Giuliano Amato,Scorpio
Irina Baronova,Scorpio
Tonino Benacquista,Scorpio
Scarlett Johansson,Sagittarius
Alison Brie,Sagittarius
Vera Farmiga,Sagittarius
Troian Bellisario,Sagittarius
Sebastian Stan,Sagittarius
Jada Pinkett Smith,Sagittarius
Sarah Silverman,Sagittarius
Yaya DaCosta,Sagittarius
Pierre-Gilles de Gennes,Sagittarius
Jamie Lee Curtis,Sagittarius
Jenna Marbles,Sagittarius
Courtney Thorne-Smith,Sagittarius
Shirley Temple,Sagittarius
Rosanna Arquette,Sagittarius
Bridget Fonda,Sagittarius
Kevin Kline,Sagittarius
Kim Kardashian,Sagittarius
Asha Parekh,Sagittarius
Mark-Paul Gosselaar,Sagittarius
Joseph Fiennes,Sagittarius
Daphne Zuniga,Sagittarius
Elvis Presley,Sagittarius
Isabella Rossellini,Sagittarius
Teri Garr,Sagittarius
Paris Hilton,Sagittarius
Bruce Lee,Sagittarius
Jordan Ladd,Sagittarius
Rita Wilson,Sagittarius
Danny Glover,Sagittarius
Kirk Cameron,Sagittarius
Julian Assange,Sagittarius
Maureen McCormick,Sagittarius
Brian Littrell,Sagittarius
Shania Twain,Sagittarius
Prince William,Sagittarius
Princess Diana,Sagittarius
Brad Pitt,Sagittarius
Sylvester Stallone,Sagittarius
Nicolas Cage,Sagittarius
Iain Glen,Sagittarius
Jessica Biel,Sagittarius
Marlon Brando,Sagittarius
Winona Ryder,Sagittarius
Katharine McPhee,Sagittarius
Sean Penn,Sagittarius
Catherine Zeta-Jones,Sagittarius
Alicia Witt,Sagittarius
Jodie Foster,Sagittarius
Alyssa Milano,Sagittarius
Ian McKellen,Sagittarius
John Derek,Sagittarius
Elizabeth Taylor,Sagittarius
Minnie Driver,Sagittarius
Raquel Welch,Sagittarius
Ray Liotta,Sagittarius
Anja Rubik,Sagittarius
Bob Geldof,Sagittarius
George Gershwin,Sagittarius
Kahlil Gibran,Sagittarius
Adam Gilchrist,Sagittarius
Ludovic Giuly,Sagittarius
Joyce Grenfell,Sagittarius
Stanislav Grof,Sagittarius
Lleyton Hewitt,Sagittarius
Dwayne Hickman,Sagittarius
Hermann Hesse,Sagittarius
Dale Jarrett,Sagittarius
Eartha Kitt,Sagittarius
Burt Lancaster,Sagittarius
Elissa Landi,Sagittarius
Lee Latchford-Evans,Sagittarius
Sue Lawley,Sagittarius
Jennifer Lawrence,Sagittarius
Pierre Lescure,Sagittarius
Vincent Lindon,Sagittarius
Marcello Lippi,Sagittarius
Leona Lewis,Sagittarius
Giovanni Lombardi,Sagittarius
Marine Lorphelin,Sagittarius
Riley Keough,Sagittarius
Mickey Rooney,Sagittarius
Joan Cusack,Sagittarius
Michael Chiklis,Sagittarius
Robert Duvall,Sagittarius
Jesse Spencer,Sagittarius
Calista Flockhart,Sagittarius
John Mayall,Sagittarius
Sarah McLachlan,Sagittarius
Gianni Morandi,Sagittarius
Robert Plant,Sagittarius
Elton John,Sagittarius
Linda Ronstadt,Sagittarius
Gloria Estefan,Sagittarius
Peter Buck,Sagittarius
Bob Marley,Sagittarius
Ray Manzarek,Sagittarius
Patrice Evra,Sagittarius
Bastian Schweinsteiger,Sagittarius
Warren Buffett,Sagittarius
Charles Mingus,Sagittarius
Ruby Dee,Sagittarius
Dorian Harewood,Sagittarius
Arsenio Hall,Sagittarius
Oprah Winfrey,Sagittarius
Joe Biden,Sagittarius
Brigitte Bardot,Sagittarius
Pat Morita,Sagittarius
Wes Craven,Sagittarius
Kathryn Bigelow,Sagittarius
Nelson Mandela,Sagittarius
Sinéad O'Connor,Sagittarius
Emmanuelle Seigner,Sagittarius
L. Ron Hubbard,Sagittarius
Hal Holbrook,Sagittarius
Simone de Beauvoir,Sagittarius
Ralph Ellison,Sagittarius
Lewis Carroll,Sagittarius
Henning Mankell,Sagittarius
Isabel Allende,Sagittarius
Sterling Hayden,Sagittarius
Agatha Christie,Sagittarius
Alice Walker,Sagittarius
Buddy Holly,Sagittarius
Tom Waits,Sagittarius
Jimi Hendrix,Sagittarius
Frank Zappa,Sagittarius
Kellie Martin,Sagittarius
Neymar,Sagittarius
Paul Pogba,Sagittarius
Randeep Hooda,Sagittarius
Sanjay Dutt,Sagittarius
Marcello Mastroianni,Sagittarius
Edward G. Robinson,Sagittarius
Fred Astaire,Sagittarius
Fabio Testi,Sagittarius
Gloria Swanson,Sagittarius
Jackie Cooper,Sagittarius
Lee Van Cleef,Sagittarius
Peter Finch,Sagittarius
David Faustino,Sagittarius
Kristy McNichol,Sagittarius
Jane Curtin,Sagittarius
Virginie Ledoyen,Sagittarius
Malcolm X,Sagittarius
Mimi Fariña,Sagittarius
Caroline Kennedy,Sagittarius
Willie Mays,Sagittarius
Joe Namath,Sagittarius
Mickey Mantle,Sagittarius
Audie Murphy,Sagittarius
Roger Staubach,Sagittarius
Ty Cobb,Sagittarius
Michael Crawford,Sagittarius
Eva Riccobono,Sagittarius
Bob Dylan,Sagittarius
Leo Buscaglia,Sagittarius
Steve Allen,Sagittarius
Courtney Stodden,Sagittarius
Maïwenn,Sagittarius
Breckin Meyer,Sagittarius
Rip Torn,Sagittarius
CM Punk,Sagittarius
Kesha,Sagittarius
Liam Gallagher,Sagittarius
Damon Albarn,Sagittarius
Kapil Dev,Sagittarius
Stephanie McMahon,Sagittarius
Patti Smith,Sagittarius
Siouxsie Sioux,Sagittarius
Kelly Rowland,Sagittarius
Erykah Badu,Sagittarius
Patti Page,Sagittarius
Ian Gillan,Sagittarius
Eric Burdon,Sagittarius
Dave Mustaine,Sagittarius
Marc Bolan,Sagittarius
Joeystarr,Sagittarius
Iain Banks,Sagittarius
Mickey Spillane,Sagittarius
Erik Bruhn,Sagittarius
Johnny Mathis,Sagittarius
Katherine Mansfield,Sagittarius
Eleanor Roosevelt,Sagittarius
Barbara Bush,Sagittarius
Bo Burnham,Sagittarius
Margaret Cho,Sagittarius
Jackie Mason,Sagittarius
Adam Carolla,Sagittarius
Cheryl Cole,Sagittarius
Terri Clark,Sagittarius
Rosanne Cash,Sagittarius
Janie Fricke,Sagittarius
Grace Jones,Sagittarius
Linda Perry,Sagittarius
Hannah Teter,Sagittarius
Bethany Hamilton,Sagittarius
Angela Merkel,Sagittarius
Meg Tilly,Sagittarius
Jack Paar,Sagittarius
Michelle Phan,Sagittarius
James Hunt,Sagittarius
Lindsay Wagner,Sagittarius
Dale Bozzio,Sagittarius
Cazuza,Sagittarius
Noam Chomsky,Sagittarius
Laurent Naouri,Sagittarius
Michael Nouri,Sagittarius
Pierre Niney,Sagittarius
Jennifer O'Neill,Sagittarius
Austin Pendleton,Sagittarius
Anne Hathaway,Sagittarius
Bradley Cooper,Sagittarius
Michael Fassbender,Sagittarius
Mark Ruffalo,Sagittarius
Evan Rachel Wood,Sagittarius
Jude Law,Sagittarius
Fairuza Balk,Sagittarius
Edward Everett Horton,Sagittarius
Booker T. Jones,Sagittarius
Karen Allen,Sagittarius
Edward James Olmos,Sagittarius
Anjelica Huston,Sagittarius
Eva Marie Saint,Sagittarius
Annie Potts,Sagittarius
Philip Roth,Sagittarius
John Milton,Sagittarius
Hans Christian Andersen,Sagittarius
Rien Poortvliet,Sagittarius
Tahar Rahim,Sagittarius
Stefan Reinartz,Sagittarius
Chesley Sullenberger,Sagittarius
Massimo Troisi,Sagittarius
Lenny Bruce,Sagittarius
Otto Waalkes,Sagittarius
Irvine Welsh,Sagittarius
Simone Weil,Sagittarius
Jane Withers,Sagittarius
Thomas Woods,Sagittarius
Aziza Mustafa Zadeh,Sagittarius
Ansel Adams,Sagittarius
Maud Adams,Sagittarius
Mario Adorf,Sagittarius
Julian Alaphilippe,Sagittarius
Giampiero Albertini,Sagittarius
Roger Allam,Sagittarius
Dario Argento,Sagittarius
Nora Arnezeder,Sagittarius
Alexandre Astier,Sagittarius
Gae Aulenti,Sagittarius
Jacques Barrot,Sagittarius
Ronnie Barker,Sagittarius
Ehud Barak,Sagittarius
Ernie Banks,Sagittarius
Tom Baker,Sagittarius
Jacques Barzun,Sagittarius
Constance Bennett,Sagittarius
Nusrat Bhutto,Sagittarius
Max Biaggi,Sagittarius
Sarah Biasini,Sagittarius
Enki Bilal,Sagittarius
Marie-Claire Blais,Sagittarius
Danny Blanchflower,Sagittarius
Niels Bohr,Sagittarius
Serge Blanco,Sagittarius
Robert Bly,Sagittarius
Michael Bolton,Sagittarius
Andy Borg,Sagittarius
Vigor Bovolenta,Sagittarius
Myriam Boyer,Sagittarius
Scott Brady,Sagittarius
Klaus Maria Brandauer,Sagittarius
Lilla Brignone,Sagittarius
Tom Brokaw,Sagittarius
Helen Gurley Brown,Sagittarius
Ken Bruce,Sagittarius
Vincent Candela,Sagittarius
Mario Cantone,Sagittarius
Lionel Cappone,Sagittarius
Mangosuthu Buthelezi,Sagittarius
David Carreira,Sagittarius
Billy Carter,Sagittarius
Lynne Carver,Sagittarius
Jimmy Casper,Sagittarius
Claire Chazal,Sagittarius
Linda Chavez,Sagittarius
Roger B. Chaffee,Sagittarius
Buck Clayton,Sagittarius
Roberto Clemente,Sagittarius
Jim Henson,Sagittarius
"David Armstrong-Jones, Viscount Linley",Sagittarius
Gérard Depardieu,Sagittarius
Simone Biles,Sagittarius
Kim Darby,Sagittarius
Damien Chazelle,Sagittarius
Steven Adams,Sagittarius
Leon Russell,Sagittarius
Ronald Reagan,Sagittarius
Charles Darwin,Sagittarius
Isabelle Huppert,Sagittarius
Sofia Richie,Sagittarius
Aaron Carter,Sagittarius
Bethany Mota,Sagittarius
Shelley Fabares,Sagittarius
Lil Peep,Sagittarius
Bryson Tiller,Sagittarius
Christy Turlington,Sagittarius
Angelique Kerber,Sagittarius
Fridtjof Nansen,Sagittarius
Cary Fukunaga,Sagittarius
Sheree Zampino,Sagittarius
Stormy Daniels,Sagittarius
Dylan Penn,Sagittarius
Don Ameche,Sagittarius
Andrei Tarkovsky,Sagittarius
Sydney Pollack,Sagittarius
Hunter Tylo,Sagittarius
William Atherton,Sagittarius
Marianna Hill,Sagittarius
Telly Savalas,Sagittarius
Katherine Helmond,Sagittarius
John Jarratt,Sagittarius
Gordon Jump,Sagittarius
Vivienne Westwood,Sagittarius
Viveca Lindfors,Sagittarius
Genie Francis,Sagittarius
Dan Blocker,Sagittarius
Mike Connors,Sagittarius
Hayley Mills,Sagittarius
Paul Hogan,Sagittarius
Lambert Wilson,Sagittarius
Randall Cunningham,Sagittarius
Tobin Rote,Sagittarius
Lefty Frizzell,Sagittarius
Cherie Currie,Sagittarius
Mary Travers,Sagittarius
Hank Locklin,Sagittarius
Jennifer Rush,Sagittarius
Marisa Pavan,Sagittarius
Giancarlo Giannini,Sagittarius
Vittorio Gassman,Sagittarius
Franco Franchi,Sagittarius
Lando Buzzanca,Sagittarius
Pier Angeli,Sagittarius
Maximilian Schell,Sagittarius
Bridget Marquardt,Sagittarius
Yao Ming,Sagittarius
Kirstin Maldonado,Sagittarius
Adriano Celentano,Sagittarius
Max Giesinger,Sagittarius
Alain Ducasse,Sagittarius
Christine Kaufmann,Sagittarius
Denzel Curry,Sagittarius
Tracy Austin,Sagittarius
Fernando Villalona,Sagittarius
Brian Mulroney,Sagittarius
EJ Johnson,Sagittarius
Richard D. Zanuck,Sagittarius
James Madison,Sagittarius
María Conchita Alonso,Sagittarius
Alou Diarra,Sagittarius
Anthony Martial,Sagittarius
Simon Pouplin,Sagittarius
Nick Vujicic,Sagittarius
Geoffrey Boycott,Sagittarius
Jhene Aiko,Sagittarius
Adam Rippon,Sagittarius
Georges Braque,Sagittarius
Lloyd Bentsen,Sagittarius
Cameron Russell,Sagittarius
Malika Ayane,Sagittarius
Giorgio Morandi,Sagittarius
John A. Macdonald,Sagittarius
Luca Zingaretti,Sagittarius
Alexandria Ocasio-Cortez,Sagittarius
DeForest Buckner,Sagittarius
Goldie Hawn,Sagittarius
Bill Gibb,Sagittarius
Johnny Gimble,Sagittarius
Eugen Jochum,Sagittarius
Rita Levi-Montalcini,Sagittarius
Shirley Jackson,Sagittarius
Kishore Kumar,Sagittarius
Marion Davies,Sagittarius
Patricia Neal,Sagittarius
Joseph L. Mankiewicz,Sagittarius
Shel Silverstein,Sagittarius
Coco Chanel,Sagittarius
Diane Arbus,Sagittarius
Joan Snyder,Sagittarius
Kurt Herbert Adler,Sagittarius
Antonio Barolini,Sagittarius
Tristane Banon,Sagittarius
Nicoletta Braschi,Sagittarius
Julian Clary,Sagittarius
Lara Pulver,Sagittarius
Michael Clifford,Sagittarius
Nek,Sagittarius
Zhenwei Wang,Sagittarius
Wendy Makkena,Sagittarius
Lindsey Shaw,Sagittarius
John Hadl,Sagittarius
Mark Chmura,Sagittarius
Charle Young,Sagittarius
Tracy Lawrence,Sagittarius
Cristina Brondo,Sagittarius
Marisa Mell,Sagittarius
Hedwig Bleibtreu,Sagittarius
Ann Dunham,Sagittarius
Stanley Livingston,Sagittarius
Franz Kline,Sagittarius
Mary Kay Ash,Sagittarius
Lisa Cholodenko,Sagittarius
Sam Wilkinson,Sagittarius
Hannah Gordon,Sagittarius
Linda Thompson,Sagittarius
Michael Brown,Sagittarius
Michelle Williams,Sagittarius
Angela Simmons,Sagittarius
Mother Teresa,Sagittarius
Charlie Wilson,Sagittarius
Taryn Manning,Capricorn
Dave Franco,Capricorn
Tara Reid,Capricorn
Tippi Hedren,Capricorn
Jonah Hill,Capricorn
Stephen Moyer,Capricorn
Jamie Brewer,Capricorn
Carmen Electra,Capricorn
Kylie Jenner,Capricorn
Ellen Barkin,Capricorn
Simon Helberg,Capricorn
Dustin Hoffman,Capricorn
Jane Fonda,Capricorn
Shilpa Shetty,Capricorn
Chuck Norris,Capricorn
Johnny Knoxville,Capricorn
Joan Jett,Capricorn
Leslie Nielsen,Capricorn
Clark Gable,Capricorn
Lucille Ball,Capricorn
Denis Leary,Capricorn
Howie Mandel,Capricorn
Jack Benny,Capricorn
Russell Brand,Capricorn
Meredith Salenger,Capricorn
Priscilla Presley,Capricorn
Catherine Deneuve,Capricorn
John Belushi,Capricorn
Michael Landon,Capricorn
Rupert Murdoch,Capricorn
Bono,Capricorn
Billie Joe Armstrong,Capricorn
Dakota Johnson,Capricorn
Mark Hamill,Capricorn
Megan Fox,Capricorn
Zac Efron,Capricorn
Colin Farrell,Capricorn
Candice Bergen,Capricorn
Ariana Grande,Capricorn
Carrie Fisher,Capricorn
Sean Connery,Capricorn
Rebecca Romijn,Capricorn
Meg Ryan,Capricorn
Richard Gere,Capricorn
Val Kilmer,Capricorn
Susan Sarandon,Capricorn
Anthony Hopkins,Capricorn
Mariska Hargitay,Capricorn
Tom Selleck,Capricorn
Paul Newman,Capricorn
Sophia Loren,Capricorn
Sean Young,Capricorn
Willem Dafoe,Capricorn
Naomi Campbell,Capricorn
John Gavin,Capricorn
Agostino Gemelli,Capricorn
Jackie Gleason,Capricorn
Clark Gregg,Capricorn
Archie Griffin,Capricorn
Tommy Hilfiger,Capricorn
Giovanni Grasso,Capricorn
John Greyson,Capricorn
Heinrich Hertz,Capricorn
Lorraine Kelly,Capricorn
Bernard Lama,Capricorn
Gustav Landauer,Capricorn
Tom Laughlin,Capricorn
Marisa Laurito,Capricorn
Nolwenn Leroy,Capricorn
Toni Collette,Capricorn
Alexis Arquette,Capricorn
Dylan McDermott,Capricorn
Zooey Deschanel,Capricorn
Martin Sheen,Capricorn
Rosa Parks,Capricorn
Rob Corddry,Capricorn
Kiefer Sutherland,Capricorn
Shiloh Fernandez,Capricorn
Alan Alda,Capricorn
Christopher Meloni,Capricorn
Charles Bronson,Capricorn
Olivier Magne,Capricorn
Ian Mahinmi,Capricorn
Chiara Mastroianni,Capricorn
Roland Merullo,Capricorn
James Hetfield,Capricorn
Barry White,Capricorn
Antoine Griezmann,Capricorn
Olivier Giroud,Capricorn
Joanne Woodward,Capricorn
Gilles Simon,Capricorn
Novak Djokovic,Capricorn
Leslie Uggams,Capricorn
Lenny Kravitz,Capricorn
F. Scott Fitzgerald,Capricorn
A. R. Rahman,Capricorn
James K. Polk,Capricorn
Casey Wilson,Capricorn
Tennessee Williams,Capricorn
Burt Bacharach,Capricorn
Eva LaRue,Capricorn
Cristiano Ronaldo,Capricorn
Jimmy Shergill,Capricorn
Sonakshi Sinha,Capricorn
Boris Karloff,Capricorn
Hanna Schygulla,Capricorn
Heather Matarazzo,Capricorn
Sal Mineo,Capricorn
Dave Grohl,Capricorn
Lauren Conrad,Capricorn
Spencer Tracy,Capricorn
T. R. Knight,Capricorn
Dennis Rodman,Capricorn
Matthew Davis,Capricorn
Dick Cavett,Capricorn
Harold Pinter,Capricorn
Billie Jean King,Capricorn
Edgar Bergen,Capricorn
Yvette Mimieux,Capricorn
Marie Curie,Capricorn
Ted Kennedy,Capricorn
America Ferrera,Capricorn
Kim Gordon,Capricorn
Thurston Moore,Capricorn
Jim James,Capricorn
Alison Krauss,Capricorn
Shirley Bassey,Capricorn
Gwen Stefani,Capricorn
Shirley Manson,Capricorn
Marilyn McCoo,Capricorn
Lorde,Capricorn
Michael Hutchence,Capricorn
Trent Reznor,Capricorn
Brendon Urie,Capricorn
Paul Weller,Capricorn
Immortal Technique,Capricorn
Adrian Smith,Capricorn
Ray Bradbury,Capricorn
Cyd Charisse,Capricorn
Lois Lowry,Capricorn
Ingeborg Bachmann,Capricorn
Jay Mohr,Capricorn
Rachel Luttrell,Capricorn
Alfie Deyes,Capricorn
François Ozon,Capricorn
Nate Silver,Capricorn
Ernest Shackleton,Capricorn
George Negus,Capricorn
Paul Nicholas,Capricorn
Luciana Paluzzi,Capricorn
Monica Bellucci,Capricorn
Daniel Day-Lewis,Capricorn
Francis Ford Coppola,Capricorn
Kara Hayward,Capricorn
Elijah Wood,Capricorn
Gisele Bündchen,Capricorn
James Earl Jones,Capricorn
Amy Jo Johnson,Capricorn
Rachel Hunter,Capricorn
Elinor Donahue,Capricorn
Thierry Henry,Capricorn
Maurice White,Capricorn
David Lloyd George,Capricorn
Mario Vargas Llosa,Capricorn
Elizabeth II,Capricorn
Jo Ann Pflug,Capricorn
Giovanna Ralli,Capricorn
Eros Ramazzotti,Capricorn
Paolo Rossi,Capricorn
John Legend,Capricorn
Paula Vogel,Capricorn
Karl Wallenda,Capricorn
Robert Anton Wilson,Capricorn
Wendy Wilson,Capricorn
Sophia de Mello Breyner Andresen,Capricorn
Luca Badoer,Capricorn
Jean Baratte,Capricorn
Daniel Balavoine,Capricorn
Conrad Bain,Capricorn
Jean-Pierre Bel,Capricorn
Ivan Basso,Capricorn
Roberto Benigni,Capricorn
Iris Berben,Capricorn
Jacques Bertin,Capricorn
Benazir Bhutto,Capricorn
Amedeo Biavati,Capricorn
Wolf Biermann,Capricorn
Herman van Veen,Capricorn
Michel Boujenah,Capricorn
Carole Bouquet,Capricorn
Donna Brazile,Capricorn
Thierry Breton,Capricorn
Jack Bruce,Capricorn
Elden Campbell,Capricorn
Erskine Caldwell,Capricorn
Ruth Buzzi,Capricorn
Georgia Carroll,Capricorn
Andrea Casiraghi,Capricorn
Charlotte Casiraghi,Capricorn
Dorival Caymmi,Capricorn
Oleg Cassini,Capricorn
Gustave Choquet,Capricorn
"Henrik, Prince Consort of Denmark",Capricorn
"Frederik, Crown Prince of Denmark",Capricorn
Abdullah II of Jordan,Capricorn
Baudouin of Belgium,Capricorn
"Prince Bertil, Duke of Halland",Capricorn
Bhumibol Adulyadej,Capricorn
Florence Henderson,Capricorn
Robbie Coltrane,Capricorn
Ava DuVernay,Capricorn
Marla Maples,Capricorn
Tiffany Trump,Capricorn
Eva Amurri,Capricorn
Diane Sawyer,Capricorn
Drake (musician),Capricorn
Graham Hancock,Capricorn
Kevin Jonas,Capricorn
Emmanuel Macron,Capricorn
Juan Pablo Raba,Capricorn
Wade Boggs,Capricorn
J. Edgar Hoover,Capricorn
Matthew Koma,Capricorn
Nancy Olson,Capricorn
Martha Hyer,Capricorn
Billy Ray Cyrus,Capricorn
Bradford Dillman,Capricorn
Mathieu Kassovitz,Capricorn
Marion Ross,Capricorn
Cindy Williams,Capricorn
Willie Nelson,Capricorn
Monica Vitti,Capricorn
Kim Hunter,Capricorn
Troy Aikman,Capricorn
Len Dawson,Capricorn
Boomer Esiason,Capricorn
Merle Haggard,Capricorn
Cassandra Wilson,Capricorn
Skeeter Davis,Capricorn
Bettina Zimmermann,Capricorn
Zeke Bratkowski,Capricorn
Tommy Thompson,Capricorn
Larry Hagman,Capricorn
Lily Pons,Capricorn
Sylvia Tyson,Capricorn
Gigliola Cinquetti,Capricorn
Rita Coolidge,Capricorn
Dieter Bohlen,Capricorn
Sabrina Ferilli,Capricorn
Nino Manfredi,Capricorn
Nicolas Duvauchelle,Capricorn
Claude Chabrol,Capricorn
Enoch Powell,Capricorn
Evan Spiegel,Capricorn
Charles Aznavour,Capricorn
Logan Paul,Capricorn
Titus Brandsma,Capricorn
Nick Lachey,Capricorn
Jaclyn Dahm,Capricorn
Rose Kennedy,Capricorn
George Washington Carver,Capricorn
Grandma Moses,Capricorn
Reggie Miller,Capricorn
Franco Harris,Capricorn
Francis X. Bushman,Capricorn
Patrick Henry,Capricorn
Cannonball Adderley,Capricorn
Ellison Onizuka,Capricorn
Isac Elliot,Capricorn
Bobby Brown,Capricorn
Paolo Maldini,Capricorn
Peter Schmeichel,Capricorn
Sooraj Pancholi,Capricorn
Zachary Taylor,Capricorn
Bob Kerrey,Capricorn
Martyna Wojciechowska,Capricorn
Joyce Jonathan,Capricorn
Olivia Rodrigo,Capricorn
Jim Jones,Capricorn
Tiffany Haddish,Capricorn
Pattie Boyd,Capricorn
Alex Kazemi,Capricorn
Larry King,Capricorn
Sonam Kapoor,Capricorn
George Segal,Capricorn
Brandon Lee,Capricorn
James Joyce,Capricorn
Mitch Hedberg,Capricorn
Arturo Toscanini,Capricorn
Brian Aldiss,Capricorn
Joseph Wambaugh,Capricorn
J. J. Watt,Capricorn
Bettina Tietjen,Capricorn
Robert Kardashian,Capricorn
John Arlott,Capricorn
Patrick Blanc,Capricorn
Graham Chapman,Capricorn
Anwar Hadid,Capricorn
Trey Smith,Capricorn
Simone Signoret,Capricorn
Elle Fanning,Aquarius
Henry Cavill,Aquarius
Haley Joel Osment,Aquarius
Shia LaBeouf,Aquarius
Christoph Waltz,Aquarius
Hilary Duff,Aquarius
Michael C. Hall,Aquarius
Michael J. Fox,Aquarius
H. Jon Benjamin,Aquarius
Rene Russo,Aquarius
James Cromwell,Aquarius
Tina Majorino,Aquarius
Zendaya,Aquarius
Tyler Hoechlin,Aquarius
Brooklyn Decker,Aquarius
Christina Aguilera,Aquarius
Alan Ritchson,Aquarius
Deepika Padukone,Aquarius
Alia Bhatt,Aquarius
Adam Brody,Aquarius
Christopher Mintz-Plasse,Aquarius
Boyd Holbrook,Aquarius
Gabriel Byrne,Aquarius
Ann Sheridan,Aquarius
Dick Sargent,Aquarius
Bill Engvall,Aquarius
David Bowie,Aquarius
Stefanie Powers,Aquarius
Cameron Crowe,Aquarius
Barack Obama,Aquarius
Jim Morrison,Aquarius
Matt Damon,Aquarius
Ian Somerhalder,Aquarius
Audrey Hepburn,Aquarius
George Clooney,Aquarius
Orlando Bloom,Aquarius
Ryan Phillippe,Aquarius
Kim Basinger,Aquarius
Amy Poehler,Aquarius
John Slattery,Aquarius
Kirk Douglas,Aquarius
Casey Affleck,Aquarius
Herschelle Gibbs,Aquarius
Hippolyte Girardot,Aquarius
Uschi Glas,Aquarius
Ari Graynor,Aquarius
Whoopi Goldberg,Aquarius
Wayne Gretzky,Aquarius
Germaine Greer,Aquarius
Charles Hermite,Aquarius
Katharine Houghton,Aquarius
Thor Heyerdahl,Aquarius
Janis Joplin,Aquarius
Jim Knipfel,Aquarius
Frank Langella,Aquarius
Steve Lawrence,Aquarius
Peggy Lipton,Aquarius
Abraham Lincoln,Aquarius
William Shatner,Aquarius
Regina King,Aquarius
Roseanne Barr,Aquarius
Jenny McCarthy,Aquarius
George Takei,Aquarius
Filippo Magnini,Aquarius
Nicolas Mahut,Aquarius
Florent Manaudou,Aquarius
Cesare Maldini,Aquarius
Pietro Mennea,Aquarius
Mario Monti,Aquarius
Kim Novak,Aquarius
George Strait,Aquarius
Bruno Mars,Aquarius
Mike Mills,Aquarius
Jo-Wilfried Tsonga,Aquarius
Anna May Wong,Aquarius
Serge Dassault,Aquarius
Truman Capote,Aquarius
Alan Arkin,Aquarius
Henry Winkler,Aquarius
Ron Jeremy,Aquarius
J. K. Rowling,Aquarius
Carl Jung,Aquarius
Manly Palmer Hall,Aquarius
Josie Davis,Aquarius
Robert Louis Stevenson,Aquarius
Swoosie Kurtz,Aquarius
John Coltrane,Aquarius
Gianluigi Buffon,Aquarius
Shashi Kapoor,Aquarius
Margaret Sullavan,Aquarius
Mary Pickford,Aquarius
Ralph Bellamy,Aquarius
Charles Boyer,Aquarius
Charlotte Rampling,Aquarius
Dean Martin,Aquarius
Laurence Harvey,Aquarius
Anthony Rapp,Aquarius
Bérénice Bejo,Aquarius
Tori Spelling,Aquarius
Phil Hartman,Aquarius
Ralph Nader,Aquarius
Nina Simone,Aquarius
Odetta,Aquarius
James Arness,Aquarius
G. Hannelius,Aquarius
Sean Maguire,Aquarius
Nicole Eggert,Aquarius
Dyan Cannon,Aquarius
Todd Haynes,Aquarius
Sunil Gavaskar,Aquarius
Billie Holiday,Aquarius
Cyndi Lauper,Aquarius
LeAnn Rimes,Aquarius
Belinda Carlisle,Aquarius
Tammy Wynette,Aquarius
Aaliyah,Aquarius
KT Tunstall,Aquarius
Mary Chapin Carpenter,Aquarius
JoJo (singer),Aquarius
Amerie,Aquarius
Mac Miller,Aquarius
Orelsan,Aquarius
Edna St. Vincent Millay,Aquarius
Jon Lovitz,Aquarius
Phil McGraw,Aquarius
Jay Leno,Aquarius
Meghan Trainor,Aquarius
Jo Dee Messina,Aquarius
Holly Madison,Aquarius
Clare Grogan,Aquarius
Bonnie McKee,Aquarius
"""Weird Al"" Yankovic",Aquarius
Guy Pearce,Aquarius
Carlo Petrini,Aquarius
Russell Crowe,Aquarius
Alicia Silverstone,Aquarius
Amaury Leveaux,Aquarius
Alan Cumming,Aquarius
Matt Dillon,Aquarius
Thierry Lhermitte,Aquarius
Carlo Levi,Aquarius
David Attenborough,Aquarius
Sylvia Plath,Aquarius
Gertrude Stein,Aquarius
Henry David Thoreau,Aquarius
Caroline Rhea,Aquarius
Condoleezza Rice,Aquarius
Mathilde Seigner,Aquarius
Gilberto Simoni,Aquarius
Julie Taymor,Aquarius
Lauralee Bell,Aquarius
Khloé Kardashian,Aquarius
Russell Wilson,Aquarius
Garry Shandling,Aquarius
Rolonda Watts,Aquarius
Jesse Colin Young,Aquarius
Gloria Allred,Aquarius
Diana Barrymore,Aquarius
Jean-Marc Barr,Aquarius
Daniel Barenboim,Aquarius
Guy Bedos,Aquarius
Pippo Barzizza,Aquarius
Albert Batteux,Aquarius
Skip Battin,Aquarius
Philippe Bercovici,Aquarius
Antonio Berni,Aquarius
Yogi Berra,Aquarius
Steve Beuerlein,Aquarius
Jimmy Carl Black,Aquarius
Marcel Bonin,Aquarius
Victor Borge,Aquarius
Clara Bow,Aquarius
Jacques Brel,Aquarius
Jimmy Briand,Aquarius
Bill Brubaker,Aquarius
Eric Cantona,Aquarius
Primo Carnera,Aquarius
Leslie Caron,Aquarius
Sergio Castellitto,Aquarius
Marie-Anne Chazel,Aquarius
Marcel Cerdan,Aquarius
Susie Castillo,Aquarius
Camilo Cienfuegos,Aquarius
Jacques Chirac,Aquarius
Martha Coakley,Aquarius
Cody Simpson,Aquarius
Michael Kors,Aquarius
Michael York,Aquarius
Phyllis Logan,Aquarius
Paul Verhoeven,Aquarius
Susan Anton,Aquarius
Phil Jackson,Aquarius
Karl Marx,Aquarius
Vincent Auriol,Aquarius
Ireland Baldwin,Aquarius
Maluma (singer),Aquarius
Rana Daggubati,Aquarius
Adam Goldberg,Aquarius
Diane Ladd,Aquarius
Patrick McGoohan,Aquarius
Tiger Shroff,Aquarius
Dabney Coleman,Aquarius
Rick Springfield,Aquarius
Harvey Korman,Aquarius
Merle Oberon,Aquarius
Gloria DeHaven,Aquarius
Simon Rex,Aquarius
Judy Holliday,Aquarius
Jackson Wang,Aquarius
Sheila E.,Aquarius
Marie Bäumer,Aquarius
Mercedes McCambridge,Aquarius
Mary Martin,Aquarius
Rainer Werner Fassbinder,Aquarius
Xavier Naidoo,Aquarius
Ronan Farrow,Aquarius
Pietro Germi,Aquarius
Audrey Fleurot,Aquarius
Walter Slezak,Aquarius
Harry Houdini,Aquarius
Ruth Graham,Aquarius
Barbara Schöneberger,Aquarius
Jamie-Lee Kriewitz,Aquarius
Jessica Drake,Aquarius
SZA (singer),Aquarius
Warren G. Harding,Aquarius
Jacek Malczewski,Aquarius
Piotr Trochowski,Aquarius
Patrick Vieira,Aquarius
James Arnold Taylor,Aquarius
Leslie Grantham,Aquarius
Evel Knievel,Aquarius
Rex Allen,Aquarius
Michele Mouton,Aquarius
Paul Hornung,Aquarius
Cory Booker,Aquarius
Andy Gibb,Aquarius
Enrico Letta,Aquarius
Roberto Mancini,Aquarius
Franco Corelli,Aquarius
Peter Dinklage,Pisces
Morgan Freeman,Pisces
Andrew Garfield,Pisces
Milo Ventimiglia,Pisces
Adam Driver,Pisces
Mena Suvari,Pisces
Eric Dane,Pisces
Krysten Ritter,Pisces
Beau Garrett,Pisces
David Carradine,Pisces
John Stamos,Pisces
Kourtney Kardashian,Pisces
Joyce DeWitt,Pisces
Bettie Page,Pisces
Kajol,Pisces
Sunny Leone,Pisces
Salman Khan,Pisces
Ellen DeGeneres,Pisces
Richard Pryor,Pisces
Steven Wright,Pisces
Kaley Cuoco,Pisces
Michael Jackson,Pisces
James Coburn,Pisces
Luke Goss,Pisces
Penelope Ann Miller,Pisces
Ryan Gosling,Pisces
Demi Moore,Pisces
Ellen Pompeo,Pisces
Gwyneth Paltrow,Pisces
Robert Redford,Pisces
Allison Janney,Pisces
Antonio Banderas,Pisces
Laura Dern,Pisces
Allen Ginsberg,Pisces
Ellen Glasgow,Pisces
Michel Jazy,Pisces
Wolfgang Joop,Pisces
Aamir Khan,Pisces
Maggie Kirkpatrick,Pisces
Alexandra Lamy,Pisces
Martin Landau,Pisces
Michael Lewis,Pisces
Jeannie Longo,Pisces
Jenna Elfman,Pisces
Sam Shepard,Pisces
Mireille Mathieu,Pisces
Stefano Mei,Pisces
Zubin Mehta,Pisces
Maria Menounos,Pisces
Daniel Morelon,Pisces
Jason Alexander,Pisces
Whitney Houston,Pisces
Ringo Starr,Pisces
Mark Knopfler,Pisces
Jay-Z,Pisces
Ivica Olić,Pisces
Norman Mailer,Pisces
Vladimir Nabokov,Pisces
Garrett Wang,Pisces
Miranda Otto,Pisces
Johnny Cash,Pisces
Michael Nesmith,Pisces
Carol Burnett,Pisces
Mario Balotelli,Pisces
Madeline Kahn,Pisces
Martin Balsam,Pisces
Bela Lugosi,Pisces
Pauline Collins,Pisces
Vincent Price,Pisces
Dana Ashbrook,Pisces
James Hong,Pisces
Gloria Stuart,Pisces
Mike Farrell,Pisces
Harry Shearer,Pisces
Julie Kavner,Pisces
Mario Lopez,Pisces
Zayn Malik,Pisces
Esai Morales,Pisces
Dirk Benedict,Pisces
Gil Hodges,Pisces
Frank Capra,Pisces
Robin Williamson,Pisces
Jason Loewenstein,Pisces
Yuvraj Singh,Pisces
Brandy Norwood,Pisces
Carl Wilson,Pisces
W. Somerset Maugham,Pisces
Pablo Neruda,Pisces
Lynn Anderson,Pisces
Tony Romo,Pisces
Sean Hannity,Pisces
Andrew Breitbart,Pisces
Angela Rippon,Pisces
Deepak Chopra,Pisces
Wayne Dyer,Pisces
Lene Lovich,Pisces
Serge Gainsbourg,Pisces
Franck Passi,Pisces
Mary Tyler Moore,Pisces
Robert Carlyle,Pisces
Charlotte Gainsbourg,Pisces
Thomas Hobbes,Pisces
John Cameron Mitchell,Pisces
Brian De Palma,Pisces
Joyce Carol Oates,Pisces
Didier Pironi,Pisces
Nina Proll,Pisces
Moana Pozzi,Pisces
Marco Risi,Pisces
Susan Tedeschi,Pisces
Mark Volman,Pisces
Lawrence Welk,Pisces
George C. Wolfe,Pisces
Jo Anne Worley,Pisces
Peter Yarrow,Pisces
Benigno Zaccagnini,Pisces
Rafael Alberti,Pisces
Alain Altinoglu,Pisces
Willeke van Ammelrooy,Pisces
Tom Ammiano,Pisces
Joe Arroyo,Pisces
Jean-Louis Aubert,Pisces
Jacques Auxiette,Pisces
Howard Baker,Pisces
Bianca Beauchamp,Pisces
Eduard van Beinum,Pisces
Joh Bjelke-Petersen,Pisces
Richard Bohringer,Pisces
Tina Brown,Pisces
Patrick de Carolis,Pisces
Henri Cartan,Pisces
Adolfo Bioy Casares,Pisces
Clotilde Courau,Pisces
"Georg Friedrich, Prince of Prussia",Pisces
Tony Hawk,Pisces
Jerry Goldsmith,Pisces
Cung Le,Pisces
Milana Vayntrub,Pisces
John Madden,Pisces
Kellyanne Conway,Pisces
Luis Fonsi,Pisces
Billie Eilish,Pisces
Ingrid Nilsen,Pisces
Thalía,Pisces
Keir Dullea,Pisces
Tony Dow,Pisces
Myrna Loy,Pisces
Tadanobu Asano,Pisces
Ludivine Sagnier,Pisces
Phylicia Rashad,Pisces
Slim Pickens,Pisces
Susannah York,Pisces
Leigh Taylor-Young,Pisces
Diane McBain,Pisces
Barry Livingston,Pisces
Mark Brunell,Pisces
Ashlee Simpson,Pisces
Phyllis McGuire,Pisces
Ramon Novarro,Pisces
Andreas Gabalier,Pisces
Anna Galiena,Pisces
Carlo Ponti,Pisces
Pier Paolo Pasolini,Pisces
Jean Gabin,Pisces
Ronald Wayne,Pisces
Tim Vine,Pisces
Barron Trump,Pisces
Howie Long,Pisces
Konrad Adenauer,Pisces
Alexander Graham Bell,Pisces
Michelle Mone,Pisces
Billy Williams,Pisces
Helen O'Connell,Pisces
Sierra Watts,Pisces
Lee Tae-yong,Pisces
Brad Renfro,Pisces
Terry Mills,Pisces
Shirley Jones,Pisces
Elisabeth Kübler-Ross,Pisces
Rosemary Clooney,Pisces
